,dataset,samples,features,regressor,time,acc_score,ll_score,model
0,GAMETES_Epistasis_2_Way_1000atts_0.4H_EDM_1_EDM_1_1,1600,1000,AdaBoostClassifier,0.774027109,0.4975,0.693777083,
1,GAMETES_Epistasis_2_Way_20atts_0.1H_EDM_1_1,1600,20,AdaBoostClassifier,0.067998648,0.495,0.693176265,
2,GAMETES_Epistasis_2_Way_20atts_0.4H_EDM_1_1,1600,20,AdaBoostClassifier,0.067028284,0.4725,0.692795333,
3,GAMETES_Epistasis_3_Way_20atts_0.2H_EDM_1_1,1600,20,AdaBoostClassifier,0.067024708,0.4875,0.693676423,
4,GAMETES_Heterogeneity_20atts_1600_Het_0.4_0.2_50_EDM_2_001,1600,20,AdaBoostClassifier,0.066999197,0.455,0.694760629,
5,GAMETES_Heterogeneity_20atts_1600_Het_0.4_0.2_75_EDM_2_001,1600,20,AdaBoostClassifier,0.067998648,0.4975,0.693175435,
6,Hill_Valley_with_noise,1212,100,AdaBoostClassifier,1.175003052,0.521452145,0.692220072,
7,Hill_Valley_without_noise,1212,100,AdaBoostClassifier,1.18903017,0.524752475,0.694170513,
8,adult,48842,14,AdaBoostClassifier,1.092975616,0.858406355,0.658453226,
9,agaricus_lepiota,8145,22,AdaBoostClassifier,0.159001112,1,0.496178176,
10,chess,3196,36,AdaBoostClassifier,0.093999863,0.971214018,0.578362106,
11,churn,5000,20,AdaBoostClassifier,0.344035149,0.8896,0.663508163,
12,clean2,6598,168,AdaBoostClassifier,0.042007446,1,2.22E-16,
13,coil2000,9822,85,AdaBoostClassifier,0.504966974,0.939739414,0.651222074,
14,credit_g,1000,20,AdaBoostClassifier,0.069998264,0.736,0.679428856,
15,dis,3772,29,AdaBoostClassifier,0.121031284,0.985153765,0.482471927,
16,flare,1066,10,AdaBoostClassifier,0.05500555,0.853932584,0.677118618,
17,german,1000,20,AdaBoostClassifier,0.070999861,0.756,0.679659379,
18,hypothyroid,3163,25,AdaBoostClassifier,0.108999252,0.986093552,0.548924516,
19,kr_vs_kp,3196,36,AdaBoostClassifier,0.102000237,0.971214018,0.536948064,
20,magic,19020,10,AdaBoostClassifier,1.765998363,0.832176656,0.675139155,
21,mofn_3_7_10,1324,10,AdaBoostClassifier,0.060003757,1,0.561421835,
22,mushroom,8124,22,AdaBoostClassifier,0.168000221,1,0.448394708,
23,parity5+5,1124,10,AdaBoostClassifier,0.057002783,0.430604982,0.693350169,
24,phoneme,5404,5,AdaBoostClassifier,0.238376379,0.820873427,0.649832339,
25,ring,7400,20,AdaBoostClassifier,1.06204772,0.949189189,0.618713441,
26,spambase,4601,57,AdaBoostClassifier,0.351378679,0.948740226,0.622313833,
27,twonorm,7400,20,AdaBoostClassifier,1.504409075,0.963243243,0.608026612,
28,GAMETES_Epistasis_2_Way_1000atts_0.4H_EDM_1_EDM_1_1,1600,1000,BaggingClassifier,1.293996334,0.535,0.735738814,
29,GAMETES_Epistasis_2_Way_20atts_0.1H_EDM_1_1,1600,20,BaggingClassifier,0.051030159,0.5325,0.995282892,
30,GAMETES_Epistasis_2_Way_20atts_0.4H_EDM_1_1,1600,20,BaggingClassifier,0.048001289,0.6225,0.756747712,
31,GAMETES_Epistasis_3_Way_20atts_0.2H_EDM_1_1,1600,20,BaggingClassifier,0.05002594,0.52,1.211649769,
32,GAMETES_Heterogeneity_20atts_1600_Het_0.4_0.2_50_EDM_2_001,1600,20,BaggingClassifier,0.0470047,0.5625,0.793739593,
33,GAMETES_Heterogeneity_20atts_1600_Het_0.4_0.2_75_EDM_2_001,1600,20,BaggingClassifier,0.046967506,0.64,0.756145402,
34,Hill_Valley_with_noise,1212,100,BaggingClassifier,1.794000149,0.531353135,1.584237533,
35,Hill_Valley_without_noise,1212,100,BaggingClassifier,2.08302927,0.544554455,2.350232228,
36,adult,48842,14,BaggingClassifier,1.77925539,0.840062239,1.004723661,
37,agaricus_lepiota,8145,22,BaggingClassifier,0.04853487,1,0.00021909,
38,chess,3196,36,BaggingClassifier,0.034999847,0.991239049,0.233997427,
39,churn,5000,20,BaggingClassifier,0.566296101,0.9488,0.711046166,
40,clean2,6598,168,BaggingClassifier,0.307000637,1,2.22E-16,
41,coil2000,9822,85,BaggingClassifier,0.719998837,0.925488599,1.129413375,
42,credit_g,1000,20,BaggingClassifier,0.047998905,0.756,1.033060483,
43,dis,3772,29,BaggingClassifier,0.068000078,0.987274655,0.068839329,
44,flare,1066,10,BaggingClassifier,0.018998384,0.816479401,1.979460641,
45,german,1000,20,BaggingClassifier,0.051509857,0.704,0.933962091,
46,hypothyroid,3163,25,BaggingClassifier,0.050000668,0.98482933,0.165427519,
47,kr_vs_kp,3196,36,BaggingClassifier,0.033035278,0.998748436,0.008894072,
48,magic,19020,10,BaggingClassifier,3.621073961,0.867507886,0.876681863,
49,mofn_3_7_10,1324,10,BaggingClassifier,0.017033815,1,0.013744311,
50,mushroom,8124,22,BaggingClassifier,0.040030003,1,2.22E-16,
51,parity5+5,1124,10,BaggingClassifier,0.02699852,0.59430605,0.610887667,
52,phoneme,5404,5,BaggingClassifier,0.263076782,0.89119171,0.563254804,
53,ring,7400,20,BaggingClassifier,2.954406977,0.932972973,0.353708088,
54,spambase,4601,57,BaggingClassifier,0.722027779,0.943527368,0.465259705,
55,twonorm,7400,20,BaggingClassifier,2.031998873,0.938378378,0.207267451,
56,GAMETES_Epistasis_2_Way_1000atts_0.4H_EDM_1_EDM_1_1,1600,1000,BernoulliNB,0.024002075,0.46,1.113086308,
57,GAMETES_Epistasis_2_Way_20atts_0.1H_EDM_1_1,1600,20,BernoulliNB,0.000999689,0.51,0.702280149,
58,GAMETES_Epistasis_2_Way_20atts_0.4H_EDM_1_1,1600,20,BernoulliNB,0.00099802,0.485,0.709329665,
59,GAMETES_Epistasis_3_Way_20atts_0.2H_EDM_1_1,1600,20,BernoulliNB,0.001998425,0.485,0.706555512,
60,GAMETES_Heterogeneity_20atts_1600_Het_0.4_0.2_50_EDM_2_001,1600,20,BernoulliNB,0.000998259,0.48,0.705128332,
61,GAMETES_Heterogeneity_20atts_1600_Het_0.4_0.2_75_EDM_2_001,1600,20,BernoulliNB,0.001999617,0.5025,0.703870115,
62,Hill_Valley_with_noise,1212,100,BernoulliNB,0.001036882,0.475247525,0.694344988,
63,Hill_Valley_without_noise,1212,100,BernoulliNB,0.001998425,0.478547855,0.693205595,
64,adult,48842,14,BernoulliNB,0.007998943,0.732290558,0.469825463,
65,agaricus_lepiota,8145,22,BernoulliNB,0.001969099,0.834560628,0.39743273,
66,chess,3196,36,BernoulliNB,0.001999855,0.882352941,0.296615702,
67,churn,5000,20,BernoulliNB,0.001997709,0.8456,0.386834402,
68,clean2,6598,168,BernoulliNB,0.01300025,0.764848485,1.468581624,
69,coil2000,9822,85,BernoulliNB,0.007970095,0.896172638,0.295120651,
70,credit_g,1000,20,BernoulliNB,0.000998974,0.684,0.597456507,
71,dis,3772,29,BernoulliNB,0.000985146,0.984093319,0.078130513,
72,flare,1066,10,BernoulliNB,0.00099349,0.857677903,0.409133878,
73,german,1000,20,BernoulliNB,0.001000166,0.684,0.571974589,
74,hypothyroid,3163,25,BernoulliNB,0.001995325,0.960809102,0.155995584,
75,kr_vs_kp,3196,36,BernoulliNB,0.002023458,0.837296621,0.337407801,
76,magic,19020,10,BernoulliNB,0.003030539,0.638906414,0.645367179,
77,mofn_3_7_10,1324,10,BernoulliNB,0.001028538,0.858006042,0.213248367,
78,mushroom,8124,22,BernoulliNB,0.003000975,0.871984244,0.364419174,
79,parity5+5,1124,10,BernoulliNB,0.000970125,0.427046263,0.705190254,
80,phoneme,5404,5,BernoulliNB,0.002001047,0.712805329,0.531651913,
81,ring,7400,20,BernoulliNB,0.003028393,0.805945946,0.431823773,
82,spambase,4601,57,BernoulliNB,0.004002333,0.880104257,0.620622681,
83,twonorm,7400,20,BernoulliNB,0.002999067,0.940540541,0.145377112,
84,GAMETES_Epistasis_2_Way_1000atts_0.4H_EDM_1_EDM_1_1,1600,1000,CalibratedClassifierCV,1.297952652,0.4725,0.697316036,
85,GAMETES_Epistasis_2_Way_20atts_0.1H_EDM_1_1,1600,20,CalibratedClassifierCV,0.017000914,0.495,0.695102781,
86,GAMETES_Epistasis_2_Way_20atts_0.4H_EDM_1_1,1600,20,CalibratedClassifierCV,0.019028664,0.52,0.693077338,
87,GAMETES_Epistasis_3_Way_20atts_0.2H_EDM_1_1,1600,20,CalibratedClassifierCV,0.016010284,0.4825,0.697107905,
88,GAMETES_Heterogeneity_20atts_1600_Het_0.4_0.2_50_EDM_2_001,1600,20,CalibratedClassifierCV,0.016999483,0.525,0.69189603,
89,GAMETES_Heterogeneity_20atts_1600_Het_0.4_0.2_75_EDM_2_001,1600,20,CalibratedClassifierCV,0.019988298,0.495,0.694095341,
90,Hill_Valley_with_noise,1212,100,CalibratedClassifierCV,1.50003171,0.801980198,0.532196986,
91,Hill_Valley_without_noise,1212,100,CalibratedClassifierCV,0.425999641,0.792079208,0.488033871,
92,adult,48842,14,CalibratedClassifierCV,0.487999439,0.803374007,0.492680239,
93,agaricus_lepiota,8145,22,CalibratedClassifierCV,0.212022305,0.945999018,0.151484954,
94,chess,3196,36,CalibratedClassifierCV,0.067001343,0.964956195,0.108467952,
95,churn,5000,20,CalibratedClassifierCV,0.271996975,0.8608,0.329830448,
96,clean2,6598,168,CalibratedClassifierCV,0.805998325,1,0.002577291,
97,coil2000,9822,85,CalibratedClassifierCV,1.436027527,0.939332248,0.209200193,
98,credit_g,1000,20,CalibratedClassifierCV,0.032998085,0.736,0.526586955,
99,dis,3772,29,CalibratedClassifierCV,0.088998795,0.985153765,0.071827225,
100,flare,1066,10,CalibratedClassifierCV,0.018998623,0.857677903,0.366397017,
101,german,1000,20,CalibratedClassifierCV,0.023999214,0.752,0.519513704,
102,hypothyroid,3163,25,CalibratedClassifierCV,0.068999052,0.968394437,0.110225285,
103,kr_vs_kp,3196,36,CalibratedClassifierCV,0.077997684,0.967459324,0.082939452,
104,magic,19020,10,CalibratedClassifierCV,0.288998842,0.779390116,0.462854879,
105,mofn_3_7_10,1324,10,CalibratedClassifierCV,0.042999029,1,0.024480655,
106,mushroom,8124,22,CalibratedClassifierCV,0.17999649,0.946824225,0.167263097,
107,parity5+5,1124,10,CalibratedClassifierCV,0.016000748,0.555160142,0.688609564,
108,phoneme,5404,5,CalibratedClassifierCV,0.034996033,0.744633605,0.479986662,
109,ring,7400,20,CalibratedClassifierCV,0.119030714,0.767027027,0.514697023,
110,spambase,4601,57,CalibratedClassifierCV,0.127030134,0.928757602,0.267037234,
111,twonorm,7400,20,CalibratedClassifierCV,0.063993216,0.979459459,0.05950523,
112,GAMETES_Epistasis_2_Way_1000atts_0.4H_EDM_1_EDM_1_1,1600,1000,DecisionTreeClassifier,0.188997269,0.495,18.20204496,
113,GAMETES_Epistasis_2_Way_20atts_0.1H_EDM_1_1,1600,20,DecisionTreeClassifier,0.007998943,0.505,17.84160843,
114,GAMETES_Epistasis_2_Way_20atts_0.4H_EDM_1_1,1600,20,DecisionTreeClassifier,0.006999731,0.5075,17.6648559,
115,GAMETES_Epistasis_3_Way_20atts_0.2H_EDM_1_1,1600,20,DecisionTreeClassifier,0.006999969,0.495,18.20204496,
116,GAMETES_Heterogeneity_20atts_1600_Het_0.4_0.2_50_EDM_2_001,1600,20,DecisionTreeClassifier,0.007996798,0.485,18.5624815,
117,GAMETES_Heterogeneity_20atts_1600_Het_0.4_0.2_75_EDM_2_001,1600,20,DecisionTreeClassifier,0.00799942,0.61,14.05702482,
118,Hill_Valley_with_noise,1212,100,DecisionTreeClassifier,0.317248583,0.590759076,14.75053802,
119,Hill_Valley_without_noise,1212,100,DecisionTreeClassifier,0.382606983,0.534653465,16.7727892,
120,adult,48842,14,DecisionTreeClassifier,0.259992599,0.807141102,6.948501054,
121,agaricus_lepiota,8145,22,DecisionTreeClassifier,0.007995605,1,2.22E-16,
122,chess,3196,36,DecisionTreeClassifier,0.004002094,0.989987484,0.360887643,
123,churn,5000,20,DecisionTreeClassifier,0.085000277,0.9256,2.681647812,
124,clean2,6598,168,DecisionTreeClassifier,0.044997454,1,2.22E-16,
125,coil2000,9822,85,DecisionTreeClassifier,0.101997852,0.896172638,3.596211056,
126,credit_g,1000,20,DecisionTreeClassifier,0.006001949,0.692,11.10144524,
127,dis,3772,29,DecisionTreeClassifier,0.006999254,0.978791092,0.764446519,
128,flare,1066,10,DecisionTreeClassifier,0.001000881,0.816479401,4.130515663,
129,german,1000,20,DecisionTreeClassifier,0.00500226,0.712,10.38057218,
130,hypothyroid,3163,25,DecisionTreeClassifier,0.005025625,0.981036662,0.683507966,
131,kr_vs_kp,3196,36,DecisionTreeClassifier,0.003027201,0.998748436,0.045110955,
132,magic,19020,10,DecisionTreeClassifier,0.462028265,0.813880126,6.708440221,
133,mofn_3_7_10,1324,10,DecisionTreeClassifier,0.00200367,1,2.22E-16,
134,mushroom,8124,22,DecisionTreeClassifier,0.00502944,1,2.22E-16,
135,parity5+5,1124,10,DecisionTreeClassifier,0.002003193,0.864768683,4.874230707,
136,phoneme,5404,5,DecisionTreeClassifier,0.033000469,0.861584012,4.989017901,
137,ring,7400,20,DecisionTreeClassifier,0.4010005,0.877837838,4.40317063,
138,spambase,4601,57,DecisionTreeClassifier,0.091999054,0.913987837,3.100192603,
139,twonorm,7400,20,DecisionTreeClassifier,0.275001526,0.841621622,5.708535375,
140,GAMETES_Epistasis_2_Way_1000atts_0.4H_EDM_1_EDM_1_1,1600,1000,DummyClassifier,0,0.4775,0.693934744,
141,GAMETES_Epistasis_2_Way_20atts_0.1H_EDM_1_1,1600,20,DummyClassifier,0.001000166,0.4775,0.693934744,
142,GAMETES_Epistasis_2_Way_20atts_0.4H_EDM_1_1,1600,20,DummyClassifier,0,0.4775,0.693934744,
143,GAMETES_Epistasis_3_Way_20atts_0.2H_EDM_1_1,1600,20,DummyClassifier,0.000998735,0.4775,0.693934744,
144,GAMETES_Heterogeneity_20atts_1600_Het_0.4_0.2_50_EDM_2_001,1600,20,DummyClassifier,0,0.4775,0.693934744,
145,GAMETES_Heterogeneity_20atts_1600_Het_0.4_0.2_75_EDM_2_001,1600,20,DummyClassifier,0,0.4775,0.693934744,
146,Hill_Valley_with_noise,1212,100,DummyClassifier,0,0.475247525,0.694100339,
147,Hill_Valley_without_noise,1212,100,DummyClassifier,0,0.478547855,0.693194985,
148,adult,48842,14,DummyClassifier,0.001002312,0.760379985,0.55064209,
149,agaricus_lepiota,8145,22,DummyClassifier,0,0.519391262,0.69239527,
150,chess,3196,36,DummyClassifier,0.001000881,0.525657071,0.691872237,
151,churn,5000,20,DummyClassifier,0.001002789,0.856,0.412208133,
152,clean2,6598,168,DummyClassifier,0.000977516,0.849090909,0.424353978,
153,coil2000,9822,85,DummyClassifier,0,0.939739414,0.227689606,
154,credit_g,1000,20,DummyClassifier,0,0.712,0.600962343,
155,dis,3772,29,DummyClassifier,0.001001358,0.985153765,0.077254835,
156,flare,1066,10,DummyClassifier,0,0.853932584,0.419707011,
157,german,1000,20,DummyClassifier,0,0.672,0.636054401,
158,hypothyroid,3163,25,DummyClassifier,0,0.962073325,0.163231459,
159,kr_vs_kp,3196,36,DummyClassifier,0,0.515644556,0.692811392,
160,magic,19020,10,DummyClassifier,0.001002073,0.638906414,0.654393544,
161,mofn_3_7_10,1324,10,DummyClassifier,0.001001358,0.770392749,0.539224778,
162,mushroom,8124,22,DummyClassifier,0,0.511078287,0.693070851,
163,parity5+5,1124,10,DummyClassifier,0,0.46975089,0.693684027,
164,phoneme,5404,5,DummyClassifier,0.000999689,0.715766099,0.597275518,
165,ring,7400,20,DummyClassifier,0,0.511891892,0.693039916,
166,spambase,4601,57,DummyClassifier,0.000998259,0.595134666,0.675370768,
167,twonorm,7400,20,DummyClassifier,0,0.498918919,0.6931527,
168,GAMETES_Epistasis_2_Way_1000atts_0.4H_EDM_1_EDM_1_1,1600,1000,ExtraTreeClassifier,0.010036945,0.4875,18.47237236,
169,GAMETES_Epistasis_2_Way_20atts_0.1H_EDM_1_1,1600,20,ExtraTreeClassifier,0.002029657,0.4825,18.65259063,
170,GAMETES_Epistasis_2_Way_20atts_0.4H_EDM_1_1,1600,20,ExtraTreeClassifier,0.002002478,0.565,15.67898922,
171,GAMETES_Epistasis_3_Way_20atts_0.2H_EDM_1_1,1600,20,ExtraTreeClassifier,0.00299859,0.5375,16.67018969,
172,GAMETES_Heterogeneity_20atts_1600_Het_0.4_0.2_50_EDM_2_001,1600,20,ExtraTreeClassifier,0.003000259,0.5575,15.94931662,
173,GAMETES_Heterogeneity_20atts_1600_Het_0.4_0.2_75_EDM_2_001,1600,20,ExtraTreeClassifier,0.001997948,0.5075,17.75149929,
174,Hill_Valley_with_noise,1212,100,ExtraTreeClassifier,0.002710342,0.528052805,17.0107011,
175,Hill_Valley_without_noise,1212,100,ExtraTreeClassifier,0.003000021,0.570957096,15.46427373,
176,adult,48842,14,ExtraTreeClassifier,0.038000584,0.799443125,7.223126069,
177,agaricus_lepiota,8145,22,ExtraTreeClassifier,0.002000332,1,2.22E-16,
178,chess,3196,36,ExtraTreeClassifier,0.001999855,0.962453066,1.353328663,
179,churn,5000,20,ExtraTreeClassifier,0.00399971,0.8608,5.017276552,
180,clean2,6598,168,ExtraTreeClassifier,0.006953239,0.966060606,1.223299751,
181,coil2000,9822,85,ExtraTreeClassifier,0.014023542,0.892508143,3.742203124,
182,credit_g,1000,20,ExtraTreeClassifier,0.001023769,0.624,13.55241367,
183,dis,3772,29,ExtraTreeClassifier,0.002999067,0.978791092,0.764446519,
184,flare,1066,10,ExtraTreeClassifier,0,0.820224719,4.120991579,
185,german,1000,20,ExtraTreeClassifier,0.002001047,0.716,10.23639756,
186,hypothyroid,3163,25,ExtraTreeClassifier,0.000999451,0.962073325,1.367015931,
187,kr_vs_kp,3196,36,ExtraTreeClassifier,0.001998901,0.948685857,1.849549173,
188,magic,19020,10,ExtraTreeClassifier,0.021998882,0.791377497,7.519517174,
189,mofn_3_7_10,1324,10,ExtraTreeClassifier,0.001024008,0.936555891,2.286757466,
190,mushroom,8124,22,ExtraTreeClassifier,0.002031088,1,2.22E-16,
191,parity5+5,1124,10,ExtraTreeClassifier,0.00098753,0.419928826,20.90788435,
192,phoneme,5404,5,ExtraTreeClassifier,0.003028393,0.85492228,5.229131062,
193,ring,7400,20,ExtraTreeClassifier,0.006999969,0.836216216,5.903365933,
194,spambase,4601,57,ExtraTreeClassifier,0.00599885,0.90443093,3.413945583,
195,twonorm,7400,20,ExtraTreeClassifier,0.004999876,0.836216216,5.903365933,
196,GAMETES_Epistasis_2_Way_1000atts_0.4H_EDM_1_EDM_1_1,1600,1000,ExtraTreesClassifier,0.778997421,0.4975,0.706256067,
197,GAMETES_Epistasis_2_Way_20atts_0.1H_EDM_1_1,1600,20,ExtraTreesClassifier,0.280003786,0.565,0.685938437,
198,GAMETES_Epistasis_2_Way_20atts_0.4H_EDM_1_1,1600,20,ExtraTreesClassifier,0.267023563,0.635,0.740971366,
199,GAMETES_Epistasis_3_Way_20atts_0.2H_EDM_1_1,1600,20,ExtraTreesClassifier,0.251000643,0.5725,0.805225157,
200,GAMETES_Heterogeneity_20atts_1600_Het_0.4_0.2_50_EDM_2_001,1600,20,ExtraTreesClassifier,0.250011444,0.6125,0.674813841,
201,GAMETES_Heterogeneity_20atts_1600_Het_0.4_0.2_75_EDM_2_001,1600,20,ExtraTreesClassifier,0.287998438,0.625,0.652405308,
202,Hill_Valley_with_noise,1212,100,ExtraTreesClassifier,0.347029209,0.603960396,0.716468788,
203,Hill_Valley_without_noise,1212,100,ExtraTreesClassifier,0.348030567,0.580858086,0.758265068,
204,adult,48842,14,ExtraTreesClassifier,3.449023247,0.84227336,0.46265053,
205,agaricus_lepiota,8145,22,ExtraTreesClassifier,0.178997755,1,0.000158942,
206,chess,3196,36,ExtraTreesClassifier,0.195037365,0.987484355,0.060938506,
207,churn,5000,20,ExtraTreesClassifier,0.367998362,0.9384,0.20751809,
208,clean2,6598,168,ExtraTreesClassifier,0.730995893,0.995757576,0.037293401,
209,coil2000,9822,85,ExtraTreesClassifier,1.267001629,0.921824104,0.842266083,
210,credit_g,1000,20,ExtraTreesClassifier,0.156030178,0.768,0.484631632,
211,dis,3772,29,ExtraTreesClassifier,0.157977581,0.985153765,0.033779872,
212,flare,1066,10,ExtraTreesClassifier,0.102022886,0.823970037,2.843762934,
213,german,1000,20,ExtraTreesClassifier,0.151032448,0.744,0.506777496,
214,hypothyroid,3163,25,ExtraTreesClassifier,0.152029991,0.983565107,0.052505532,
215,kr_vs_kp,3196,36,ExtraTreesClassifier,0.183026552,0.989987484,0.054244646,
216,magic,19020,10,ExtraTreesClassifier,1.476029158,0.875709779,0.314952876,
217,mofn_3_7_10,1324,10,ExtraTreesClassifier,0.108018398,0.990936556,0.08665358,
218,mushroom,8124,22,ExtraTreesClassifier,0.164340496,1,3.47E-05,
219,parity5+5,1124,10,ExtraTreesClassifier,0.164147139,0.466192171,0.661289434,
220,phoneme,5404,5,ExtraTreesClassifier,0.319028616,0.910436714,0.249598607,
221,ring,7400,20,ExtraTreesClassifier,0.61500144,0.972972973,0.18969466,
222,spambase,4601,57,ExtraTreesClassifier,0.520998716,0.958297133,0.175109917,
223,twonorm,7400,20,ExtraTreesClassifier,0.558001041,0.971891892,0.195011905,
224,GAMETES_Epistasis_2_Way_1000atts_0.4H_EDM_1_EDM_1_1,1600,1000,GaussianNB,0.012024403,0.47,4.326215373,
225,GAMETES_Epistasis_2_Way_20atts_0.1H_EDM_1_1,1600,20,GaussianNB,0.000999928,0.505,0.713184347,
226,GAMETES_Epistasis_2_Way_20atts_0.4H_EDM_1_1,1600,20,GaussianNB,0,0.465,0.858344323,
227,GAMETES_Epistasis_3_Way_20atts_0.2H_EDM_1_1,1600,20,GaussianNB,0.001000404,0.4875,0.798374632,
228,GAMETES_Heterogeneity_20atts_1600_Het_0.4_0.2_50_EDM_2_001,1600,20,GaussianNB,0.000972271,0.4725,0.793059291,
229,GAMETES_Heterogeneity_20atts_1600_Het_0.4_0.2_75_EDM_2_001,1600,20,GaussianNB,0.000999689,0.495,0.759589193,
230,Hill_Valley_with_noise,1212,100,GaussianNB,0.001021624,0.508250825,6.169924858,
231,Hill_Valley_without_noise,1212,100,GaussianNB,0.001999617,0.531353135,3.301529999,
232,adult,48842,14,GaussianNB,0.008971691,0.794201949,0.948288832,
233,agaricus_lepiota,8145,22,GaussianNB,0.003002644,0.924889543,0.646369702,
234,chess,3196,36,GaussianNB,0.002030611,0.634543179,2.988131814,
235,churn,5000,20,GaussianNB,0.001998425,0.8632,0.38608702,
236,clean2,6598,168,GaussianNB,0.008030176,0.882424242,2.513253463,
237,coil2000,9822,85,GaussianNB,0.007003069,0.120928339,24.25007278,
238,credit_g,1000,20,GaussianNB,0.00103426,0.708,0.78338057,
239,dis,3772,29,GaussianNB,0.001029968,0.242841994,24.94384529,
240,flare,1066,10,GaussianNB,0,0.808988764,0.835388152,
241,german,1000,20,GaussianNB,0.001000643,0.74,0.589185492,
242,hypothyroid,3163,25,GaussianNB,0.001023293,0.231352718,18.56214786,
243,kr_vs_kp,3196,36,GaussianNB,0.002001286,0.627033792,5.540413917,
244,magic,19020,10,GaussianNB,0.002999783,0.726603575,1.043887448,
245,mofn_3_7_10,1324,10,GaussianNB,0.000999689,0.870090634,0.191340179,
246,mushroom,8124,22,GaussianNB,0.001999855,0.869030034,0.692172845,
247,parity5+5,1124,10,GaussianNB,0,0.427046263,0.705275147,
248,phoneme,5404,5,GaussianNB,0.001000166,0.752035529,0.644877451,
249,ring,7400,20,GaussianNB,0.002025366,0.979459459,0.064147251,
250,spambase,4601,57,GaussianNB,0.001973152,0.821025195,4.669965669,
251,twonorm,7400,20,GaussianNB,0.001007318,0.98,0.057017507,
252,GAMETES_Epistasis_2_Way_1000atts_0.4H_EDM_1_EDM_1_1,1600,1000,GradientBoostingClassifier,3.326058865,0.505,0.744422646,
253,GAMETES_Epistasis_2_Way_20atts_0.1H_EDM_1_1,1600,20,GradientBoostingClassifier,0.136894464,0.5925,0.667383365,
254,GAMETES_Epistasis_2_Way_20atts_0.4H_EDM_1_1,1600,20,GradientBoostingClassifier,0.124001741,0.5525,0.698161584,
255,GAMETES_Epistasis_3_Way_20atts_0.2H_EDM_1_1,1600,20,GradientBoostingClassifier,0.125035286,0.495,0.74003823,
256,GAMETES_Heterogeneity_20atts_1600_Het_0.4_0.2_50_EDM_2_001,1600,20,GradientBoostingClassifier,0.130003214,0.52,0.712841109,
257,GAMETES_Heterogeneity_20atts_1600_Het_0.4_0.2_75_EDM_2_001,1600,20,GradientBoostingClassifier,0.129029036,0.645,0.646735478,
258,Hill_Valley_with_noise,1212,100,GradientBoostingClassifier,6.423112392,0.557755776,0.716577106,
259,Hill_Valley_without_noise,1212,100,GradientBoostingClassifier,6.58125782,0.564356436,0.710279602,
260,adult,48842,14,GradientBoostingClassifier,4.410258055,0.866431906,0.296796466,
261,agaricus_lepiota,8145,22,GradientBoostingClassifier,0.446994066,1,0.003427128,
262,chess,3196,36,GradientBoostingClassifier,0.215007305,0.974968711,0.091891795,
263,churn,5000,20,GradientBoostingClassifier,1.750214577,0.952,0.162635412,
264,clean2,6598,168,GradientBoostingClassifier,4.219443798,1,1.12E-05,
265,coil2000,9822,85,GradientBoostingClassifier,1.833102942,0.939332248,0.206016507,
266,credit_g,1000,20,GradientBoostingClassifier,0.199132204,0.788,0.47091133,
267,dis,3772,29,GradientBoostingClassifier,0.404954433,0.987274655,0.035444961,
268,flare,1066,10,GradientBoostingClassifier,0.078999758,0.846441948,0.414481375,
269,german,1000,20,GradientBoostingClassifier,0.174031734,0.784,0.511663187,
270,hypothyroid,3163,25,GradientBoostingClassifier,0.334988594,0.988621997,0.039377378,
271,kr_vs_kp,3196,36,GradientBoostingClassifier,0.216956377,0.979974969,0.08043867,
272,magic,19020,10,GradientBoostingClassifier,9.639316797,0.871293375,0.323834481,
273,mofn_3_7_10,1324,10,GradientBoostingClassifier,0.09599781,1,0.087022192,
274,mushroom,8124,22,GradientBoostingClassifier,0.415026188,1,0.002650769,
275,parity5+5,1124,10,GradientBoostingClassifier,0.083222628,0.341637011,0.754738223,
276,phoneme,5404,5,GradientBoostingClassifier,1.03902936,0.85788305,0.319291798,
277,ring,7400,20,GradientBoostingClassifier,6.089079142,0.956216216,0.165022688,
278,spambase,4601,57,GradientBoostingClassifier,1.735619545,0.953084275,0.141304763,
279,twonorm,7400,20,GradientBoostingClassifier,8.201294184,0.965945946,0.116222561,
280,GAMETES_Epistasis_2_Way_1000atts_0.4H_EDM_1_EDM_1_1,1600,1000,HistGradientBoostingClassifier,12.20651221,0.49,0.784487007,
281,GAMETES_Epistasis_2_Way_20atts_0.1H_EDM_1_1,1600,20,HistGradientBoostingClassifier,0.449999571,0.615,0.689736968,
282,GAMETES_Epistasis_2_Way_20atts_0.4H_EDM_1_1,1600,20,HistGradientBoostingClassifier,0.402999401,0.73,0.536980515,
283,GAMETES_Epistasis_3_Way_20atts_0.2H_EDM_1_1,1600,20,HistGradientBoostingClassifier,0.41599679,0.54,0.773439775,
284,GAMETES_Heterogeneity_20atts_1600_Het_0.4_0.2_50_EDM_2_001,1600,20,HistGradientBoostingClassifier,0.433999062,0.6375,0.683610335,
285,GAMETES_Heterogeneity_20atts_1600_Het_0.4_0.2_75_EDM_2_001,1600,20,HistGradientBoostingClassifier,0.409002304,0.655,0.640085954,
286,Hill_Valley_with_noise,1212,100,HistGradientBoostingClassifier,1.381999254,0.594059406,0.747028174,
287,Hill_Valley_without_noise,1212,100,HistGradientBoostingClassifier,1.383002043,0.590759076,0.76751114,
288,adult,48842,14,HistGradientBoostingClassifier,0.612999439,0.872164442,0.283194815,
289,agaricus_lepiota,8145,22,HistGradientBoostingClassifier,0.594998837,1,2.68E-05,
290,chess,3196,36,HistGradientBoostingClassifier,0.616999626,0.993742178,0.023098884,
291,churn,5000,20,HistGradientBoostingClassifier,0.583998442,0.956,0.167005441,
292,clean2,6598,168,HistGradientBoostingClassifier,0.361001492,1,1.12E-05,
293,coil2000,9822,85,HistGradientBoostingClassifier,1.32999897,0.93281759,0.232464517,
294,credit_g,1000,20,HistGradientBoostingClassifier,0.406001091,0.772,0.492817994,
295,dis,3772,29,HistGradientBoostingClassifier,0.599999905,0.991516437,0.033549228,
296,flare,1066,10,HistGradientBoostingClassifier,0.298000574,0.823970037,0.463847733,
297,german,1000,20,HistGradientBoostingClassifier,0.38099885,0.816,0.50834255,
298,hypothyroid,3163,25,HistGradientBoostingClassifier,0.541000843,0.983565107,0.056976774,
299,kr_vs_kp,3196,36,HistGradientBoostingClassifier,0.635999441,0.994993742,0.018656598,
300,magic,19020,10,HistGradientBoostingClassifier,0.450000286,0.879705573,0.295028908,
301,mofn_3_7_10,1324,10,HistGradientBoostingClassifier,0.316999912,1,0.017081462,
302,mushroom,8124,22,HistGradientBoostingClassifier,0.362003326,1,2.58E-05,
303,parity5+5,1124,10,HistGradientBoostingClassifier,0.296000719,0.231316726,1.02621279,
304,phoneme,5404,5,HistGradientBoostingClassifier,0.30800128,0.89415248,0.248749075,
305,ring,7400,20,HistGradientBoostingClassifier,0.558998585,0.963243243,0.097121104,
306,spambase,4601,57,HistGradientBoostingClassifier,0.987999678,0.965247611,0.109100685,
307,twonorm,7400,20,HistGradientBoostingClassifier,0.593000412,0.969189189,0.078437646,
308,GAMETES_Epistasis_2_Way_1000atts_0.4H_EDM_1_EDM_1_1,1600,1000,KNeighborsClassifier,0.00099802,0.4825,1.745150208,
309,GAMETES_Epistasis_2_Way_20atts_0.1H_EDM_1_1,1600,20,KNeighborsClassifier,0.000992775,0.5375,1.068782734,
310,GAMETES_Epistasis_2_Way_20atts_0.4H_EDM_1_1,1600,20,KNeighborsClassifier,0,0.5925,1.542280432,
311,GAMETES_Epistasis_3_Way_20atts_0.2H_EDM_1_1,1600,20,KNeighborsClassifier,0,0.54,1.972224087,
312,GAMETES_Heterogeneity_20atts_1600_Het_0.4_0.2_50_EDM_2_001,1600,20,KNeighborsClassifier,0.001000404,0.545,2.017459349,
313,GAMETES_Heterogeneity_20atts_1600_Het_0.4_0.2_75_EDM_2_001,1600,20,KNeighborsClassifier,0,0.56,2.011612538,
314,Hill_Valley_with_noise,1212,100,KNeighborsClassifier,0.001025438,0.504950495,2.147082707,
315,Hill_Valley_without_noise,1212,100,KNeighborsClassifier,0.001000404,0.504950495,2.69999632,
316,adult,48842,14,KNeighborsClassifier,0.13703084,0.778068954,2.247886291,
317,agaricus_lepiota,8145,22,KNeighborsClassifier,0,0.999509082,0.002611736,
318,chess,3196,36,KNeighborsClassifier,0,0.971214018,0.243017252,
319,churn,5000,20,KNeighborsClassifier,0.000998735,0.8592,2.25864226,
320,clean2,6598,168,KNeighborsClassifier,0.002001762,0.980606061,0.099357622,
321,coil2000,9822,85,KNeighborsClassifier,0.000973463,0.93485342,1.247932316,
322,credit_g,1000,20,KNeighborsClassifier,0,0.676,1.711617713,
323,dis,3772,29,KNeighborsClassifier,0,0.989395546,0.063395241,
324,flare,1066,10,KNeighborsClassifier,0.00200057,0.831460674,1.645556496,
325,german,1000,20,KNeighborsClassifier,0.001000166,0.632,2.015596301,
326,hypothyroid,3163,25,KNeighborsClassifier,0.001001835,0.983565107,0.217140618,
327,kr_vs_kp,3196,36,KNeighborsClassifier,0,0.947434293,0.182127004,
328,magic,19020,10,KNeighborsClassifier,0.023985147,0.807570978,1.856888228,
329,mofn_3_7_10,1324,10,KNeighborsClassifier,0.001995564,0.839879154,0.600360168,
330,mushroom,8124,22,KNeighborsClassifier,0.001000404,1,0.00069099,
331,parity5+5,1124,10,KNeighborsClassifier,0.000990391,0.501779359,0.744065102,
332,phoneme,5404,5,KNeighborsClassifier,0.004032612,0.881569208,0.825718328,
333,ring,7400,20,KNeighborsClassifier,0.001023769,0.694054054,4.49938148,
334,spambase,4601,57,KNeighborsClassifier,0.001001596,0.800173762,1.276544289,
335,twonorm,7400,20,KNeighborsClassifier,0.001000404,0.969189189,0.195249631,
336,GAMETES_Epistasis_2_Way_1000atts_0.4H_EDM_1_EDM_1_1,1600,1000,LinearDiscriminantAnalysis,0.803030968,0.49,11.15648277,
337,GAMETES_Epistasis_2_Way_20atts_0.1H_EDM_1_1,1600,20,LinearDiscriminantAnalysis,0.004999638,0.5325,0.698938686,
338,GAMETES_Epistasis_2_Way_20atts_0.4H_EDM_1_1,1600,20,LinearDiscriminantAnalysis,0.006999493,0.5075,0.713358598,
339,GAMETES_Epistasis_3_Way_20atts_0.2H_EDM_1_1,1600,20,LinearDiscriminantAnalysis,0.004998207,0.4725,0.710973111,
340,GAMETES_Heterogeneity_20atts_1600_Het_0.4_0.2_50_EDM_2_001,1600,20,LinearDiscriminantAnalysis,0.003000259,0.4725,0.707081783,
341,GAMETES_Heterogeneity_20atts_1600_Het_0.4_0.2_75_EDM_2_001,1600,20,LinearDiscriminantAnalysis,0.002999544,0.48,0.707683824,
342,Hill_Valley_with_noise,1212,100,LinearDiscriminantAnalysis,0.032000542,0.716171617,0.621993451,
343,Hill_Valley_without_noise,1212,100,LinearDiscriminantAnalysis,0.031999588,0.709570957,0.687093942,
344,adult,48842,14,LinearDiscriminantAnalysis,0.023032904,0.812218492,0.405890345,
345,agaricus_lepiota,8145,22,LinearDiscriminantAnalysis,0.010997534,0.941089838,0.319919233,
346,chess,3196,36,LinearDiscriminantAnalysis,0.007999897,0.938673342,0.179283747,
347,churn,5000,20,LinearDiscriminantAnalysis,0.006000519,0.852,0.327489821,
348,clean2,6598,168,LinearDiscriminantAnalysis,0.095000505,1,2.10E-12,
349,coil2000,9822,85,LinearDiscriminantAnalysis,0.048971653,0.934039088,0.217054024,
350,credit_g,1000,20,LinearDiscriminantAnalysis,0.004999638,0.744,0.530185247,
351,dis,3772,29,LinearDiscriminantAnalysis,0.006997824,0.985153765,0.072683572,
352,flare,1066,10,LinearDiscriminantAnalysis,0.000999928,0.857677903,0.370747387,
353,german,1000,20,LinearDiscriminantAnalysis,0.0039711,0.768,0.517154827,
354,hypothyroid,3163,25,LinearDiscriminantAnalysis,0.004998446,0.950695322,0.126736517,
355,kr_vs_kp,3196,36,LinearDiscriminantAnalysis,0.007000446,0.944931164,0.15719626,
356,magic,19020,10,LinearDiscriminantAnalysis,0.008998871,0.777076761,0.474977225,
357,mofn_3_7_10,1324,10,LinearDiscriminantAnalysis,0.002001524,1,0.0944598,
358,mushroom,8124,22,LinearDiscriminantAnalysis,0.009960175,0.94239291,0.265001614,
359,parity5+5,1124,10,LinearDiscriminantAnalysis,0.001000643,0.430604982,0.705319737,
360,phoneme,5404,5,LinearDiscriminantAnalysis,0.002027273,0.756476684,0.48451466,
361,ring,7400,20,LinearDiscriminantAnalysis,0.008999348,0.768108108,0.515330544,
362,spambase,4601,57,LinearDiscriminantAnalysis,0.021998405,0.887923545,0.331683385,
363,twonorm,7400,20,LinearDiscriminantAnalysis,0.007998228,0.978378378,0.057621147,
364,GAMETES_Epistasis_2_Way_1000atts_0.4H_EDM_1_EDM_1_1,1600,1000,LinearSVC,0.521987915,0.475,,
365,GAMETES_Epistasis_2_Way_20atts_0.1H_EDM_1_1,1600,20,LinearSVC,0.025999546,0.5275,,
366,GAMETES_Epistasis_2_Way_20atts_0.4H_EDM_1_1,1600,20,LinearSVC,0.024034023,0.505,,
367,GAMETES_Epistasis_3_Way_20atts_0.2H_EDM_1_1,1600,20,LinearSVC,0.022999287,0.4725,,
368,GAMETES_Heterogeneity_20atts_1600_Het_0.4_0.2_50_EDM_2_001,1600,20,LinearSVC,0.021000147,0.4725,,
369,GAMETES_Heterogeneity_20atts_1600_Het_0.4_0.2_75_EDM_2_001,1600,20,LinearSVC,0.026001215,0.4825,,
370,Hill_Valley_with_noise,1212,100,LinearSVC,0.071969271,0.96039604,,
371,Hill_Valley_without_noise,1212,100,LinearSVC,0.049999952,1,,
372,adult,48842,14,LinearSVC,2.498808622,0.791663254,,
373,agaricus_lepiota,8145,22,LinearSVC,0.234783411,0.942562592,,
374,chess,3196,36,LinearSVC,0.009999752,0.964956195,,
375,churn,5000,20,LinearSVC,0.206998587,0.8016,,
376,clean2,6598,168,LinearSVC,0.449998856,1,,
377,coil2000,9822,85,LinearSVC,0.691999674,0.939739414,,
378,credit_g,1000,20,LinearSVC,0.039000511,0.724,,
379,dis,3772,29,LinearSVC,0.108999729,0.985153765,,
380,flare,1066,10,LinearSVC,0.026999474,0.857677903,,
381,german,1000,20,LinearSVC,0.038998842,0.7,,
382,hypothyroid,3163,25,LinearSVC,0.086000443,0.962073325,,
383,kr_vs_kp,3196,36,LinearSVC,0.00999999,0.968710889,,
384,magic,19020,10,LinearSVC,0.576998949,0.646898002,,
385,mofn_3_7_10,1324,10,LinearSVC,0.002998352,1,,
386,mushroom,8124,22,LinearSVC,0.253999949,0.94534712,,
387,parity5+5,1124,10,LinearSVC,0.005999088,0.427046263,,
388,phoneme,5404,5,LinearSVC,0.032999039,0.745373797,,
389,ring,7400,20,LinearSVC,0.332000732,0.698378378,,
390,spambase,4601,57,LinearSVC,0.159998655,0.842745439,,
391,twonorm,7400,20,LinearSVC,0.04599905,0.978378378,,
392,GAMETES_Epistasis_2_Way_1000atts_0.4H_EDM_1_EDM_1_1,1600,1000,LogisticRegression,0.062999964,0.4825,3.122367357,
393,GAMETES_Epistasis_2_Way_20atts_0.1H_EDM_1_1,1600,20,LogisticRegression,0.011998653,0.5325,0.698835286,
394,GAMETES_Epistasis_2_Way_20atts_0.4H_EDM_1_1,1600,20,LogisticRegression,0.013999939,0.5075,0.712839273,
395,GAMETES_Epistasis_3_Way_20atts_0.2H_EDM_1_1,1600,20,LogisticRegression,0.012999058,0.475,0.71068584,
396,GAMETES_Heterogeneity_20atts_1600_Het_0.4_0.2_50_EDM_2_001,1600,20,LogisticRegression,0.010999203,0.4725,0.706723403,
397,GAMETES_Heterogeneity_20atts_1600_Het_0.4_0.2_75_EDM_2_001,1600,20,LogisticRegression,0.010999203,0.48,0.707474581,
398,Hill_Valley_with_noise,1212,100,LogisticRegression,0.044998884,0.933993399,1.080753555,
399,Hill_Valley_without_noise,1212,100,LogisticRegression,0.079999924,1,0.055279858,
400,adult,48842,14,LogisticRegression,0.203999758,0.783473917,0.480652255,
401,agaricus_lepiota,8145,22,LogisticRegression,0.058999538,0.949435444,0.167070707,
402,chess,3196,36,LogisticRegression,0.023997545,0.959949937,0.132533607,
403,churn,5000,20,LogisticRegression,0.045999289,0.8576,0.372584793,
404,clean2,6598,168,LogisticRegression,0.074999571,1,0.000192406,
405,coil2000,9822,85,LogisticRegression,0.088998079,0.938517915,0.205289971,
406,credit_g,1000,20,LogisticRegression,0.04100132,0.736,0.530135379,
407,dis,3772,29,LogisticRegression,0.04500103,0.985153765,0.070782967,
408,flare,1066,10,LogisticRegression,0.012999058,0.857677903,0.367325949,
409,german,1000,20,LogisticRegression,0.042001247,0.764,0.507326122,
410,hypothyroid,3163,25,LogisticRegression,0.042000055,0.96460177,0.123757834,
411,kr_vs_kp,3196,36,LogisticRegression,0.025999308,0.964956195,0.114496522,
412,magic,19020,10,LogisticRegression,0.07999897,0.780651945,0.462434219,
413,mofn_3_7_10,1324,10,LogisticRegression,0.012000561,1,0.05998346,
414,mushroom,8124,22,LogisticRegression,0.057998896,0.948301329,0.171589648,
415,parity5+5,1124,10,LogisticRegression,0.004999161,0.427046263,0.705080509,
416,phoneme,5404,5,LogisticRegression,0.010999203,0.742413027,0.476426456,
417,ring,7400,20,LogisticRegression,0.018999577,0.765945946,0.51450187,
418,spambase,4601,57,LogisticRegression,0.050998926,0.926151173,0.268011211,
419,twonorm,7400,20,LogisticRegression,0.012999058,0.979459459,0.05791663,
420,GAMETES_Epistasis_2_Way_1000atts_0.4H_EDM_1_EDM_1_1,1600,1000,LogisticRegressionCV,2.182130098,0.475,8.343159904,
421,GAMETES_Epistasis_2_Way_20atts_0.1H_EDM_1_1,1600,20,LogisticRegressionCV,0.357000351,0.4775,0.693921191,
422,GAMETES_Epistasis_2_Way_20atts_0.4H_EDM_1_1,1600,20,LogisticRegressionCV,0.347001314,0.48,0.694739431,
423,GAMETES_Epistasis_3_Way_20atts_0.2H_EDM_1_1,1600,20,LogisticRegressionCV,0.327996969,0.4825,0.697093044,
424,GAMETES_Heterogeneity_20atts_1600_Het_0.4_0.2_50_EDM_2_001,1600,20,LogisticRegressionCV,0.348997116,0.4775,0.693974717,
425,GAMETES_Heterogeneity_20atts_1600_Het_0.4_0.2_75_EDM_2_001,1600,20,LogisticRegressionCV,0.362000942,0.4975,0.704240913,
426,Hill_Valley_with_noise,1212,100,LogisticRegressionCV,4.027998924,0.943894389,0.719420144,
427,Hill_Valley_without_noise,1212,100,LogisticRegressionCV,2.340999842,1,0.034438695,
428,adult,48842,14,LogisticRegressionCV,1.136831522,0.793546802,0.485800066,
429,agaricus_lepiota,8145,22,LogisticRegressionCV,2.133378983,0.970054001,0.128386003,
430,chess,3196,36,LogisticRegressionCV,1.11400032,0.967459324,0.102316323,
431,churn,5000,20,LogisticRegressionCV,2.229921341,0.864,0.335696576,
432,clean2,6598,168,LogisticRegressionCV,2.714977026,1,0.002813269,
433,coil2000,9822,85,LogisticRegressionCV,3.169978857,0.939739414,0.21449634,
434,credit_g,1000,20,LogisticRegressionCV,0.761997223,0.744,0.523756306,
435,dis,3772,29,LogisticRegressionCV,1.845997572,0.985153765,0.071952446,
436,flare,1066,10,LogisticRegressionCV,0.30800128,0.853932584,0.417939894,
437,german,1000,20,LogisticRegressionCV,0.869970798,0.76,0.514060046,
438,hypothyroid,3163,25,LogisticRegressionCV,1.910773039,0.96460177,0.112510611,
439,kr_vs_kp,3196,36,LogisticRegressionCV,1.179997444,0.97747184,0.068146839,
440,magic,19020,10,LogisticRegressionCV,1.74237895,0.784016824,0.46996539,
441,mofn_3_7_10,1324,10,LogisticRegressionCV,0.223997355,1,0.109460379,
442,mushroom,8124,22,LogisticRegressionCV,2.205052853,0.960610537,0.163425503,
443,parity5+5,1124,10,LogisticRegressionCV,0.193029165,0.46975089,0.693737979,
444,phoneme,5404,5,LogisticRegressionCV,0.326019287,0.742413027,0.476436746,
445,ring,7400,20,LogisticRegressionCV,0.322983503,0.765945946,0.514504474,
446,spambase,4601,57,LogisticRegressionCV,2.269001722,0.931364031,0.238335003,
447,twonorm,7400,20,LogisticRegressionCV,0.31999898,0.978918919,0.424876103,
448,GAMETES_Epistasis_2_Way_1000atts_0.4H_EDM_1_EDM_1_1,1600,1000,MLPClassifier,2.348077774,0.4625,1.931652469,
449,GAMETES_Epistasis_2_Way_20atts_0.1H_EDM_1_1,1600,20,MLPClassifier,0.981998682,0.6,0.694199157,
450,GAMETES_Epistasis_2_Way_20atts_0.4H_EDM_1_1,1600,20,MLPClassifier,0.960999727,0.6975,0.666776091,
451,GAMETES_Epistasis_3_Way_20atts_0.2H_EDM_1_1,1600,20,MLPClassifier,0.962000132,0.5075,0.793733284,
452,GAMETES_Heterogeneity_20atts_1600_Het_0.4_0.2_50_EDM_2_001,1600,20,MLPClassifier,0.985999107,0.645,0.742741261,
453,GAMETES_Heterogeneity_20atts_1600_Het_0.4_0.2_75_EDM_2_001,1600,20,MLPClassifier,0.951000452,0.6575,0.679809369,
454,Hill_Valley_with_noise,1212,100,MLPClassifier,0.272999287,0.498349835,9.444876572,
455,Hill_Valley_without_noise,1212,100,MLPClassifier,0.142999172,0.471947195,8.178793149,
456,adult,48842,14,MLPClassifier,4.714000225,0.75661289,5.966837187,
457,agaricus_lepiota,8145,22,MLPClassifier,2.123000145,0.999509082,0.003356338,
458,chess,3196,36,MLPClassifier,1.731499434,0.989987484,0.02806147,
459,churn,5000,20,MLPClassifier,0.332998514,0.8672,0.530664899,
460,clean2,6598,168,MLPClassifier,1.372000217,0.995757576,0.015413993,
461,coil2000,9822,85,MLPClassifier,6.552283287,0.91490228,0.408223882,
462,credit_g,1000,20,MLPClassifier,0.080000162,0.412,2.370963718,
463,dis,3772,29,MLPClassifier,1.162001133,0.98621421,0.041426938,
464,flare,1066,10,MLPClassifier,0.488000631,0.835205993,0.391669508,
465,german,1000,20,MLPClassifier,0.088999271,0.48,2.316611828,
466,hypothyroid,3163,25,MLPClassifier,0.734999657,0.982300885,0.090027367,
467,kr_vs_kp,3196,36,MLPClassifier,1.85199976,0.994993742,0.01069754,
468,magic,19020,10,MLPClassifier,6.872999907,0.839747634,0.372469398,
469,mofn_3_7_10,1324,10,MLPClassifier,0.631991863,1,0.012258908,
470,mushroom,8124,22,MLPClassifier,1.791137457,1,0.001320712,
471,parity5+5,1124,10,MLPClassifier,0.587999821,0.889679715,0.463557538,
472,phoneme,5404,5,MLPClassifier,2.435000181,0.852701702,0.331764662,
473,ring,7400,20,MLPClassifier,2.566999912,0.782162162,5.689917975,
474,spambase,4601,57,MLPClassifier,0.956999302,0.894874023,0.335946942,
475,twonorm,7400,20,MLPClassifier,4.28900075,0.971891892,0.106609361,
476,GAMETES_Epistasis_2_Way_1000atts_0.4H_EDM_1_EDM_1_1,1600,1000,MultinomialNB,0.008000851,0.47,0.974538857,
477,GAMETES_Epistasis_2_Way_20atts_0.1H_EDM_1_1,1600,20,MultinomialNB,0,0.5225,0.696808182,
478,GAMETES_Epistasis_2_Way_20atts_0.4H_EDM_1_1,1600,20,MultinomialNB,0.000986338,0.4825,0.704303543,
479,GAMETES_Epistasis_3_Way_20atts_0.2H_EDM_1_1,1600,20,MultinomialNB,0.000997782,0.5,0.700893389,
480,GAMETES_Heterogeneity_20atts_1600_Het_0.4_0.2_50_EDM_2_001,1600,20,MultinomialNB,0.000997066,0.4725,0.703216752,
481,GAMETES_Heterogeneity_20atts_1600_Het_0.4_0.2_75_EDM_2_001,1600,20,MultinomialNB,0.001000166,0.505,0.699543046,
482,Hill_Valley_with_noise,1212,100,MultinomialNB,0.00100112,0.785478548,3.164506943,
483,Hill_Valley_without_noise,1212,100,MultinomialNB,0.000999928,0.821782178,2.834289145,
484,adult,48842,14,MultinomialNB,0.004999638,0.784620424,7.753839347,
485,agaricus_lepiota,8145,22,MultinomialNB,0.002001047,0.806578301,0.672663928,
486,chess,3196,36,MultinomialNB,0.000998974,0.881101377,0.330117151,
487,churn,5000,20,MultinomialNB,0.00100112,0.6048,4.769634016,
488,coil2000,9822,85,MultinomialNB,0.00399828,0.76465798,1.2185126,
489,credit_g,1000,20,MultinomialNB,0.000999212,0.656,4.63129024,
490,dis,3772,29,MultinomialNB,0.002035618,0.65747614,4.571909765,
491,flare,1066,10,MultinomialNB,0,0.868913858,0.391146603,
492,german,1000,20,MultinomialNB,0.000997305,0.656,4.128698611,
493,hypothyroid,3163,25,MultinomialNB,0.00100112,0.694058154,5.384315127,
494,kr_vs_kp,3196,36,MultinomialNB,0.00200057,0.832290363,0.354530352,
495,mofn_3_7_10,1324,10,MultinomialNB,0.000971556,0.773413897,0.458026165,
496,mushroom,8124,22,MultinomialNB,0.000999689,0.823239783,0.546915944,
497,parity5+5,1124,10,MultinomialNB,0,0.43772242,0.69861076,
498,spambase,4601,57,MultinomialNB,0.002000093,0.790616855,2.434153599,
499,GAMETES_Epistasis_2_Way_1000atts_0.4H_EDM_1_EDM_1_1,1600,1000,NearestCentroid,0.003975868,0.4475,,
500,GAMETES_Epistasis_2_Way_20atts_0.1H_EDM_1_1,1600,20,NearestCentroid,0.001000881,0.5125,,
501,GAMETES_Epistasis_2_Way_20atts_0.4H_EDM_1_1,1600,20,NearestCentroid,0,0.495,,
502,GAMETES_Epistasis_3_Way_20atts_0.2H_EDM_1_1,1600,20,NearestCentroid,0.000998497,0.4775,,
503,GAMETES_Heterogeneity_20atts_1600_Het_0.4_0.2_50_EDM_2_001,1600,20,NearestCentroid,0,0.4825,,
504,GAMETES_Heterogeneity_20atts_1600_Het_0.4_0.2_75_EDM_2_001,1600,20,NearestCentroid,0,0.4975,,
505,Hill_Valley_with_noise,1212,100,NearestCentroid,0.001000643,0.501650165,,
506,Hill_Valley_without_noise,1212,100,NearestCentroid,0.000999451,0.524752475,,
507,adult,48842,14,NearestCentroid,0.004999638,0.483907952,,
508,agaricus_lepiota,8145,22,NearestCentroid,0.000999928,0.775650466,,
509,chess,3196,36,NearestCentroid,0.000999689,0.863579474,,
510,churn,5000,20,NearestCentroid,0.001000404,0.5176,,
511,clean2,6598,168,NearestCentroid,0.004000187,0.606060606,,
512,coil2000,9822,85,NearestCentroid,0.003000975,0.651872964,,
513,credit_g,1000,20,NearestCentroid,0,0.64,,
514,dis,3772,29,NearestCentroid,0.001000166,0.556733828,,
515,flare,1066,10,NearestCentroid,0,0.707865169,,
516,german,1000,20,NearestCentroid,0.001000404,0.656,,
517,hypothyroid,3163,25,NearestCentroid,0.000999928,0.614412137,,
518,kr_vs_kp,3196,36,NearestCentroid,0,0.818523154,,
519,magic,19020,10,NearestCentroid,0.001000643,0.693165089,,
520,mofn_3_7_10,1324,10,NearestCentroid,0.001000166,0.972809668,,
521,mushroom,8124,22,NearestCentroid,0.001026869,0.8183161,,
522,parity5+5,1124,10,NearestCentroid,0,0.412811388,,
523,phoneme,5404,5,NearestCentroid,0.001001596,0.712805329,,
524,ring,7400,20,NearestCentroid,0.001000404,0.772432432,,
525,spambase,4601,57,NearestCentroid,0.002002239,0.658557776,,
526,twonorm,7400,20,NearestCentroid,0.000999928,0.979459459,,
527,GAMETES_Epistasis_2_Way_1000atts_0.4H_EDM_1_EDM_1_1,1600,1000,NuSVC,0.343022108,0.46,,
528,GAMETES_Epistasis_2_Way_20atts_0.1H_EDM_1_1,1600,20,NuSVC,0.071999788,0.5625,,
529,GAMETES_Epistasis_2_Way_20atts_0.4H_EDM_1_1,1600,20,NuSVC,0.066999197,0.655,,
530,GAMETES_Epistasis_3_Way_20atts_0.2H_EDM_1_1,1600,20,NuSVC,0.069510937,0.545,,
531,GAMETES_Heterogeneity_20atts_1600_Het_0.4_0.2_50_EDM_2_001,1600,20,NuSVC,0.06400156,0.585,,
532,GAMETES_Heterogeneity_20atts_1600_Het_0.4_0.2_75_EDM_2_001,1600,20,NuSVC,0.064001322,0.655,,
533,Hill_Valley_with_noise,1212,100,NuSVC,0.103997946,0.699669967,,
534,Hill_Valley_without_noise,1212,100,NuSVC,0.095999956,0.673267327,,
535,agaricus_lepiota,8145,22,NuSVC,1.041999578,0.887088856,,
536,chess,3196,36,NuSVC,0.17599535,0.942428035,,
537,credit_g,1000,20,NuSVC,0.014999628,0.516,,
538,german,1000,20,NuSVC,0.019999743,0.66,,
539,kr_vs_kp,3196,36,NuSVC,0.164999723,0.944931164,,
540,magic,19020,10,NuSVC,5.367001295,0.79873817,,
541,mushroom,8124,22,NuSVC,1.027999401,0.892171344,,
542,parity5+5,1124,10,NuSVC,0.082119703,0.772241993,,
543,phoneme,5404,5,NuSVC,0.270000219,0.77350111,,
544,ring,7400,20,NuSVC,0.83300066,0.975135135,,
545,spambase,4601,57,NuSVC,0.548006773,0.835794961,,
546,twonorm,7400,20,NuSVC,0.832000494,0.978918919,,
547,GAMETES_Epistasis_2_Way_1000atts_0.4H_EDM_1_EDM_1_1,1600,1000,PassiveAggressiveClassifier,0.379196167,0.48,,
548,GAMETES_Epistasis_2_Way_20atts_0.1H_EDM_1_1,1600,20,PassiveAggressiveClassifier,0.004999161,0.52,,
549,GAMETES_Epistasis_2_Way_20atts_0.4H_EDM_1_1,1600,20,PassiveAggressiveClassifier,0.006998301,0.475,,
550,GAMETES_Epistasis_3_Way_20atts_0.2H_EDM_1_1,1600,20,PassiveAggressiveClassifier,0.004000902,0.485,,
551,GAMETES_Heterogeneity_20atts_1600_Het_0.4_0.2_50_EDM_2_001,1600,20,PassiveAggressiveClassifier,0.003998995,0.4575,,
552,GAMETES_Heterogeneity_20atts_1600_Het_0.4_0.2_75_EDM_2_001,1600,20,PassiveAggressiveClassifier,0.004001379,0.5,,
553,Hill_Valley_with_noise,1212,100,PassiveAggressiveClassifier,0.009999514,0.933993399,,
554,Hill_Valley_without_noise,1212,100,PassiveAggressiveClassifier,0.012997389,0.831683168,,
555,adult,48842,14,PassiveAggressiveClassifier,0.045972586,0.779952502,,
556,agaricus_lepiota,8145,22,PassiveAggressiveClassifier,0.017966509,0.910652921,,
557,chess,3196,36,PassiveAggressiveClassifier,0.006996393,0.96620776,,
558,churn,5000,20,PassiveAggressiveClassifier,0.012000084,0.856,,
559,clean2,6598,168,PassiveAggressiveClassifier,0.121969461,0.999393939,,
560,coil2000,9822,85,PassiveAggressiveClassifier,0.021998405,0.939332248,,
561,credit_g,1000,20,PassiveAggressiveClassifier,0.006999731,0.712,,
562,dis,3772,29,PassiveAggressiveClassifier,0.007000446,0.985153765,,
563,flare,1066,10,PassiveAggressiveClassifier,0.004999161,0.846441948,,
564,german,1000,20,PassiveAggressiveClassifier,0.007998943,0.672,,
565,hypothyroid,3163,25,PassiveAggressiveClassifier,0.015002489,0.957016435,,
566,kr_vs_kp,3196,36,PassiveAggressiveClassifier,0.014999866,0.914893617,,
567,magic,19020,10,PassiveAggressiveClassifier,0.030999899,0.701366982,,
568,mofn_3_7_10,1324,10,PassiveAggressiveClassifier,0.003999949,1,,
569,mushroom,8124,22,PassiveAggressiveClassifier,0.017998219,0.84736583,,
570,parity5+5,1124,10,PassiveAggressiveClassifier,0.005000591,0.491103203,,
571,phoneme,5404,5,PassiveAggressiveClassifier,0.008998871,0.714285714,,
572,ring,7400,20,PassiveAggressiveClassifier,0.008997917,0.689189189,,
573,spambase,4601,57,PassiveAggressiveClassifier,0.01399827,0.693310165,,
574,twonorm,7400,20,PassiveAggressiveClassifier,0.010998964,0.968108108,,
575,GAMETES_Epistasis_2_Way_1000atts_0.4H_EDM_1_EDM_1_1,1600,1000,Perceptron,0.099076748,0.4725,,
576,GAMETES_Epistasis_2_Way_20atts_0.1H_EDM_1_1,1600,20,Perceptron,0.005880833,0.505,,
577,GAMETES_Epistasis_2_Way_20atts_0.4H_EDM_1_1,1600,20,Perceptron,0.008344412,0.4775,,
578,GAMETES_Epistasis_3_Way_20atts_0.2H_EDM_1_1,1600,20,Perceptron,0.005000591,0.4725,,
579,GAMETES_Heterogeneity_20atts_1600_Het_0.4_0.2_50_EDM_2_001,1600,20,Perceptron,0.007997751,0.5025,,
580,GAMETES_Heterogeneity_20atts_1600_Het_0.4_0.2_75_EDM_2_001,1600,20,Perceptron,0.003999949,0.5,,
581,Hill_Valley_with_noise,1212,100,Perceptron,0.00599885,0.881188119,,
582,Hill_Valley_without_noise,1212,100,Perceptron,0.009999275,0.841584158,,
583,adult,48842,14,Perceptron,0.046999931,0.777823274,,
584,agaricus_lepiota,8145,22,Perceptron,0.010031462,0.912125675,,
585,chess,3196,36,Perceptron,0.009998083,0.921151439,,
586,churn,5000,20,Perceptron,0.007000685,0.2416,,
587,clean2,6598,168,Perceptron,0.056998491,0.988484848,,
588,coil2000,9822,85,Perceptron,0.016973495,0.866449511,,
589,credit_g,1000,20,Perceptron,0.004977465,0.712,,
590,dis,3772,29,Perceptron,0.004999876,0.985153765,,
591,flare,1066,10,Perceptron,0.005001307,0.857677903,,
592,german,1000,20,Perceptron,0.006000757,0.328,,
593,hypothyroid,3163,25,Perceptron,0.006999016,0.798988622,,
594,kr_vs_kp,3196,36,Perceptron,0.006998777,0.948685857,,
595,magic,19020,10,Perceptron,0.02799964,0.723869611,,
596,mofn_3_7_10,1324,10,Perceptron,0.003002167,1,,
597,mushroom,8124,22,Perceptron,0.010999441,0.94534712,,
598,parity5+5,1124,10,Perceptron,0.003998995,0.46975089,,
599,phoneme,5404,5,Perceptron,0.006998062,0.717246484,,
600,ring,7400,20,Perceptron,0.005029678,0.694054054,,
601,spambase,4601,57,Perceptron,0.009023905,0.793223284,,
602,twonorm,7400,20,Perceptron,0.007003069,0.967027027,,
603,GAMETES_Epistasis_2_Way_1000atts_0.4H_EDM_1_EDM_1_1,1600,1000,QuadraticDiscriminantAnalysis,0.814953327,0.525,17.12073536,
604,GAMETES_Epistasis_2_Way_20atts_0.1H_EDM_1_1,1600,20,QuadraticDiscriminantAnalysis,0.00600028,0.595,0.718794811,
605,GAMETES_Epistasis_2_Way_20atts_0.4H_EDM_1_1,1600,20,QuadraticDiscriminantAnalysis,0.004000425,0.605,0.890916756,
606,GAMETES_Epistasis_3_Way_20atts_0.2H_EDM_1_1,1600,20,QuadraticDiscriminantAnalysis,0.003999472,0.4825,0.8499567,
607,GAMETES_Heterogeneity_20atts_1600_Het_0.4_0.2_50_EDM_2_001,1600,20,QuadraticDiscriminantAnalysis,0.001997471,0.635,0.746968503,
608,GAMETES_Heterogeneity_20atts_1600_Het_0.4_0.2_75_EDM_2_001,1600,20,QuadraticDiscriminantAnalysis,0.004000425,0.65,0.703499204,
609,Hill_Valley_with_noise,1212,100,QuadraticDiscriminantAnalysis,0.052000523,0.508250825,12.86039106,
610,Hill_Valley_without_noise,1212,100,QuadraticDiscriminantAnalysis,0.059999466,0.547854785,15.26218224,
611,adult,48842,14,QuadraticDiscriminantAnalysis,0.015998363,0.803865367,0.771064092,
612,agaricus_lepiota,8145,22,QuadraticDiscriminantAnalysis,0.010970116,0.686303387,10.61701061,
613,chess,3196,36,QuadraticDiscriminantAnalysis,0.010999203,0.604505632,9.807137757,
614,churn,5000,20,QuadraticDiscriminantAnalysis,0.0039711,0.864,0.384846931,
615,clean2,6598,168,QuadraticDiscriminantAnalysis,0.142970085,0.993333333,0.216260277,
616,coil2000,9822,85,QuadraticDiscriminantAnalysis,0.059000254,0.096905537,32.53104309,
617,credit_g,1000,20,QuadraticDiscriminantAnalysis,0.00200057,0.7,0.981975374,
618,dis,3772,29,QuadraticDiscriminantAnalysis,0.00600028,0.242841994,27.29074074,
619,flare,1066,10,QuadraticDiscriminantAnalysis,0.000998735,0.853932584,5.264803304,
620,german,1000,20,QuadraticDiscriminantAnalysis,0.002996445,0.724,0.656114293,
621,hypothyroid,3163,25,QuadraticDiscriminantAnalysis,0.004970551,0.960809102,1.412583129,
622,kr_vs_kp,3196,36,QuadraticDiscriminantAnalysis,0.01300025,0.551939925,15.34274677,
623,magic,19020,10,QuadraticDiscriminantAnalysis,0.006000996,0.785278654,0.883523428,
624,mofn_3_7_10,1324,10,QuadraticDiscriminantAnalysis,0,1,0.055361506,
625,mushroom,8124,22,QuadraticDiscriminantAnalysis,0.010000706,0.935992122,2.229519662,
626,parity5+5,1124,10,QuadraticDiscriminantAnalysis,0,0.370106762,0.73869174,
627,phoneme,5404,5,QuadraticDiscriminantAnalysis,0.000997782,0.77350111,0.610928327,
628,ring,7400,20,QuadraticDiscriminantAnalysis,0.010000467,0.980540541,0.063579088,
629,spambase,4601,57,QuadraticDiscriminantAnalysis,0.027000189,0.834057341,4.140276036,
630,twonorm,7400,20,QuadraticDiscriminantAnalysis,0.007999659,0.98,0.059003009,
631,GAMETES_Epistasis_2_Way_1000atts_0.4H_EDM_1_EDM_1_1,1600,1000,RandomForestClassifier,0.681006193,0.48,0.70424989,
632,GAMETES_Epistasis_2_Way_20atts_0.1H_EDM_1_1,1600,20,RandomForestClassifier,0.229029417,0.6025,0.666438582,
633,GAMETES_Epistasis_2_Way_20atts_0.4H_EDM_1_1,1600,20,RandomForestClassifier,0.227030516,0.6525,0.651935092,
634,GAMETES_Epistasis_3_Way_20atts_0.2H_EDM_1_1,1600,20,RandomForestClassifier,0.234000206,0.555,0.711431562,
635,GAMETES_Heterogeneity_20atts_1600_Het_0.4_0.2_50_EDM_2_001,1600,20,RandomForestClassifier,0.230970621,0.59,0.665812291,
636,GAMETES_Heterogeneity_20atts_1600_Het_0.4_0.2_75_EDM_2_001,1600,20,RandomForestClassifier,0.231999636,0.63,0.646382011,
637,Hill_Valley_with_noise,1212,100,RandomForestClassifier,1.946001291,0.603960396,0.723858561,
638,Hill_Valley_without_noise,1212,100,RandomForestClassifier,2.106001616,0.564356436,0.788342871,
639,adult,48842,14,RandomForestClassifier,5.029999018,0.856195234,0.371507844,
640,agaricus_lepiota,8145,22,RandomForestClassifier,0.19903326,1,0.000524715,
641,chess,3196,36,RandomForestClassifier,0.199997902,0.986232791,0.075448337,
642,churn,5000,20,RandomForestClassifier,1.304030418,0.9504,0.255892484,
643,clean2,6598,168,RandomForestClassifier,1.923963547,1,0.031087792,
644,coil2000,9822,85,RandomForestClassifier,1.077029705,0.925488599,0.46180765,
645,credit_g,1000,20,RandomForestClassifier,0.183029175,0.76,0.492999629,
646,dis,3772,29,RandomForestClassifier,0.199002028,0.98621421,0.033861034,
647,flare,1066,10,RandomForestClassifier,0.11700058,0.816479401,0.881356777,
648,german,1000,20,RandomForestClassifier,0.178028107,0.772,0.479047319,
649,hypothyroid,3163,25,RandomForestClassifier,0.218998194,0.98482933,0.046496127,
650,kr_vs_kp,3196,36,RandomForestClassifier,0.205030203,0.989987484,0.075074298,
651,magic,19020,10,RandomForestClassifier,10.632972,0.877602524,0.317713671,
652,mofn_3_7_10,1324,10,RandomForestClassifier,0.124002457,0.990936556,0.117769381,
653,mushroom,8124,22,RandomForestClassifier,0.175000668,1,0.000184529,
654,parity5+5,1124,10,RandomForestClassifier,0.164970398,0.537366548,0.660115306,
655,phoneme,5404,5,RandomForestClassifier,1.138032675,0.897113249,0.260901569,
656,ring,7400,20,RandomForestClassifier,6.059001923,0.95027027,0.18044479,
657,spambase,4601,57,RandomForestClassifier,0.808998585,0.955690704,0.151148418,
658,twonorm,7400,20,RandomForestClassifier,3.90651536,0.968108108,0.197750095,
659,GAMETES_Epistasis_2_Way_1000atts_0.4H_EDM_1_EDM_1_1,1600,1000,RidgeClassifier,0.038969994,0.4825,,
660,GAMETES_Epistasis_2_Way_20atts_0.1H_EDM_1_1,1600,20,RidgeClassifier,0.00199914,0.53,,
661,GAMETES_Epistasis_2_Way_20atts_0.4H_EDM_1_1,1600,20,RidgeClassifier,0.001999378,0.505,,
662,GAMETES_Epistasis_3_Way_20atts_0.2H_EDM_1_1,1600,20,RidgeClassifier,0.001999855,0.4725,,
663,GAMETES_Heterogeneity_20atts_1600_Het_0.4_0.2_50_EDM_2_001,1600,20,RidgeClassifier,0.002002239,0.4725,,
664,GAMETES_Heterogeneity_20atts_1600_Het_0.4_0.2_75_EDM_2_001,1600,20,RidgeClassifier,0.000998735,0.48,,
665,Hill_Valley_with_noise,1212,100,RidgeClassifier,0.00500083,0.716171617,,
666,Hill_Valley_without_noise,1212,100,RidgeClassifier,0.002995014,0.712871287,,
667,adult,48842,14,RidgeClassifier,0.015000105,0.80877897,,
668,agaricus_lepiota,8145,22,RidgeClassifier,0.003999472,0.941089838,,
669,chess,3196,36,RidgeClassifier,0.00202775,0.938673342,,
670,churn,5000,20,RidgeClassifier,0.001997948,0.8624,,
671,clean2,6598,168,RidgeClassifier,0.012998343,1,,
672,coil2000,9822,85,RidgeClassifier,0.011002064,0.939332248,,
673,credit_g,1000,20,RidgeClassifier,0.001998901,0.744,,
674,dis,3772,29,RidgeClassifier,0.002999783,0.985153765,,
675,flare,1066,10,RidgeClassifier,0.002027988,0.861423221,,
676,german,1000,20,RidgeClassifier,0.001000404,0.768,,
677,hypothyroid,3163,25,RidgeClassifier,0.00199008,0.962073325,,
678,kr_vs_kp,3196,36,RidgeClassifier,0.001972675,0.944931164,,
679,magic,19020,10,RidgeClassifier,0.005000591,0.775814932,,
680,mofn_3_7_10,1324,10,RidgeClassifier,0.001999617,1,,
681,mushroom,8124,22,RidgeClassifier,0.00399971,0.94239291,,
682,parity5+5,1124,10,RidgeClassifier,0.001028061,0.427046263,,
683,phoneme,5404,5,RidgeClassifier,0.001999617,0.743893412,,
684,ring,7400,20,RidgeClassifier,0.002968788,0.768108108,,
685,spambase,4601,57,RidgeClassifier,0.003999233,0.887923545,,
686,twonorm,7400,20,RidgeClassifier,0.003000021,0.978378378,,
687,GAMETES_Epistasis_2_Way_1000atts_0.4H_EDM_1_EDM_1_1,1600,1000,RidgeClassifierCV,0.815750122,0.4775,,
688,GAMETES_Epistasis_2_Way_20atts_0.1H_EDM_1_1,1600,20,RidgeClassifierCV,0.007999659,0.5325,,
689,GAMETES_Epistasis_2_Way_20atts_0.4H_EDM_1_1,1600,20,RidgeClassifierCV,0.005996466,0.5075,,
690,GAMETES_Epistasis_3_Way_20atts_0.2H_EDM_1_1,1600,20,RidgeClassifierCV,0.003998041,0.47,,
691,GAMETES_Heterogeneity_20atts_1600_Het_0.4_0.2_50_EDM_2_001,1600,20,RidgeClassifierCV,0.004999399,0.4775,,
692,GAMETES_Heterogeneity_20atts_1600_Het_0.4_0.2_75_EDM_2_001,1600,20,RidgeClassifierCV,0.004002094,0.485,,
693,Hill_Valley_with_noise,1212,100,RidgeClassifierCV,0.03099966,0.712871287,,
694,Hill_Valley_without_noise,1212,100,RidgeClassifierCV,0.039997101,0.712871287,,
695,adult,48842,14,RidgeClassifierCV,0.030012846,0.808615183,,
696,agaricus_lepiota,8145,22,RidgeClassifierCV,0.013000011,0.941089838,,
697,chess,3196,36,RidgeClassifierCV,0.011998892,0.938673342,,
698,churn,5000,20,RidgeClassifierCV,0.008999825,0.8624,,
699,clean2,6598,168,RidgeClassifierCV,0.099971056,1,,
700,coil2000,9822,85,RidgeClassifierCV,0.052004814,0.939739414,,
701,credit_g,1000,20,RidgeClassifierCV,0.004974127,0.744,,
702,dis,3772,29,RidgeClassifierCV,0.007998943,0.985153765,,
703,flare,1066,10,RidgeClassifierCV,0.001997471,0.861423221,,
704,german,1000,20,RidgeClassifierCV,0.006999493,0.764,,
705,hypothyroid,3163,25,RidgeClassifierCV,0.009999752,0.962073325,,
706,kr_vs_kp,3196,36,RidgeClassifierCV,0.011998415,0.944931164,,
707,magic,19020,10,RidgeClassifierCV,0.010999918,0.776656151,,
708,mofn_3_7_10,1324,10,RidgeClassifierCV,0.003998995,1,,
709,mushroom,8124,22,RidgeClassifierCV,0.013999701,0.94239291,,
710,parity5+5,1124,10,RidgeClassifierCV,0.003000259,0.427046263,,
711,phoneme,5404,5,RidgeClassifierCV,0.00300169,0.743893412,,
712,ring,7400,20,RidgeClassifierCV,0.008000135,0.768108108,,
713,spambase,4601,57,RidgeClassifierCV,0.02200079,0.888792354,,
714,twonorm,7400,20,RidgeClassifierCV,0.008999825,0.978378378,,
715,GAMETES_Epistasis_2_Way_1000atts_0.4H_EDM_1_EDM_1_1,1600,1000,SGDClassifier,0.073997974,0.47,,
716,GAMETES_Epistasis_2_Way_20atts_0.1H_EDM_1_1,1600,20,SGDClassifier,0.016999245,0.51,,
717,GAMETES_Epistasis_2_Way_20atts_0.4H_EDM_1_1,1600,20,SGDClassifier,0.021998644,0.5125,,
718,GAMETES_Epistasis_3_Way_20atts_0.2H_EDM_1_1,1600,20,SGDClassifier,0.017998695,0.5,,
719,GAMETES_Heterogeneity_20atts_1600_Het_0.4_0.2_50_EDM_2_001,1600,20,SGDClassifier,0.024998665,0.5025,,
720,GAMETES_Heterogeneity_20atts_1600_Het_0.4_0.2_75_EDM_2_001,1600,20,SGDClassifier,0.015999079,0.4825,,
721,Hill_Valley_with_noise,1212,100,SGDClassifier,0.016998529,0.920792079,,
722,Hill_Valley_without_noise,1212,100,SGDClassifier,0.013000011,0.478547855,,
723,adult,48842,14,SGDClassifier,0.585969687,0.774711326,,
724,agaricus_lepiota,8145,22,SGDClassifier,0.088999748,0.929307806,,
725,chess,3196,36,SGDClassifier,0.01399827,0.936170213,,
726,churn,5000,20,SGDClassifier,0.059999466,0.8408,,
727,clean2,6598,168,SGDClassifier,0.081970215,0.995757576,,
728,coil2000,9822,85,SGDClassifier,0.159998178,0.925488599,,
729,credit_g,1000,20,SGDClassifier,0.018999815,0.72,,
730,dis,3772,29,SGDClassifier,0.048000097,0.985153765,,
731,flare,1066,10,SGDClassifier,0.020000458,0.857677903,,
732,german,1000,20,SGDClassifier,0.02499938,0.672,,
733,hypothyroid,3163,25,SGDClassifier,0.03400135,0.963337547,,
734,kr_vs_kp,3196,36,SGDClassifier,0.030998468,0.951188986,,
735,magic,19020,10,SGDClassifier,0.154000044,0.704521556,,
736,mofn_3_7_10,1324,10,SGDClassifier,0.003999949,1,,
737,mushroom,8124,22,SGDClassifier,0.07799983,0.949778434,,
738,parity5+5,1124,10,SGDClassifier,0.014999628,0.491103203,,
739,phoneme,5404,5,SGDClassifier,0.017999411,0.730569948,,
740,ring,7400,20,SGDClassifier,0.145001888,0.68972973,,
741,spambase,4601,57,SGDClassifier,0.019000292,0.657688966,,
742,twonorm,7400,20,SGDClassifier,0.031000614,0.975135135,,
743,GAMETES_Epistasis_2_Way_1000atts_0.4H_EDM_1_EDM_1_1,1600,1000,SVC,0.305969,0.43,,
744,GAMETES_Epistasis_2_Way_20atts_0.1H_EDM_1_1,1600,20,SVC,0.045000076,0.5775,,
745,GAMETES_Epistasis_2_Way_20atts_0.4H_EDM_1_1,1600,20,SVC,0.047973156,0.6025,,
746,GAMETES_Epistasis_3_Way_20atts_0.2H_EDM_1_1,1600,20,SVC,0.046000719,0.5225,,
747,GAMETES_Heterogeneity_20atts_1600_Het_0.4_0.2_50_EDM_2_001,1600,20,SVC,0.045997858,0.6475,,
748,GAMETES_Heterogeneity_20atts_1600_Het_0.4_0.2_75_EDM_2_001,1600,20,SVC,0.046002626,0.59,,
749,Hill_Valley_with_noise,1212,100,SVC,0.040971756,0.504950495,,
750,Hill_Valley_without_noise,1212,100,SVC,0.03999877,0.534653465,,
751,adult,48842,14,SVC,22.0282371,0.797559577,,
752,agaricus_lepiota,8145,22,SVC,0.191974878,0.984781541,,
753,chess,3196,36,SVC,0.072999477,0.959949937,,
754,churn,5000,20,SVC,0.165488958,0.856,,
755,clean2,6598,168,SVC,0.463922501,0.941818182,,
756,coil2000,9822,85,SVC,0.99911356,0.939739414,,
757,credit_g,1000,20,SVC,0.022999048,0.728,,
758,dis,3772,29,SVC,0.038001776,0.985153765,,
759,flare,1066,10,SVC,0.0119977,0.846441948,,
760,german,1000,20,SVC,0.019999266,0.68,,
761,hypothyroid,3163,25,SVC,0.028002262,0.96460177,,
762,kr_vs_kp,3196,36,SVC,0.068998337,0.971214018,,
763,magic,19020,10,SVC,3.102893591,0.817665615,,
764,mofn_3_7_10,1324,10,SVC,0.024000168,1,,
765,mushroom,8124,22,SVC,0.184998274,0.997538159,,
766,parity5+5,1124,10,SVC,0.02199769,0.352313167,,
767,phoneme,5404,5,SVC,0.183000326,0.833456699,,
768,ring,7400,20,SVC,0.108999729,0.976216216,,
769,spambase,4601,57,SVC,0.355001211,0.682015639,,
770,twonorm,7400,20,SVC,0.131000042,0.978378378,,
771,GAMETES_Epistasis_2_Way_1000atts_0.4H_EDM_1_EDM_1_1,1600,1000,RILSROLSClassifier,19.26973224,0.445,0.770634109,0.078466*x375*x599*x623 + 0.176626*x736*sin(x461*x528) + 0.450763
772,GAMETES_Epistasis_2_Way_20atts_0.1H_EDM_1_1,1600,20,RILSROLSClassifier,17.48001504,0.7,0.647338117,-0.071728*x18 - 0.074107*x19 + 1.702274*sin(sqrt(2)*sqrt(x18**2/2 - x18*x19 + x19**2/2 + 0.275)) - 0.751499
773,GAMETES_Epistasis_2_Way_20atts_0.4H_EDM_1_1,1600,20,RILSROLSClassifier,24.24524617,0.7975,0.59348325,1.418619*x18**2*x19**2 - 0.56518*x18**2 - 2.935017*x18*x19 + 1.176227*x18 - 0.561257*x19**2 + 1.124384*x19 + 0.362949
774,GAMETES_Epistasis_3_Way_20atts_0.2H_EDM_1_1,1600,20,RILSROLSClassifier,11.64971018,0.4775,0.835761688,0.5075
775,GAMETES_Heterogeneity_20atts_1600_Het_0.4_0.2_50_EDM_2_001,1600,20,RILSROLSClassifier,15.62160301,0.68,0.664544987,-1.125294*SQRT(X16) + 1.405722*SQRT(X16 + SIN(X17)) - 1.177516*SIN(X17) + 0.416771
776,GAMETES_Heterogeneity_20atts_1600_Het_0.4_0.2_75_EDM_2_001,1600,20,RILSROLSClassifier,18.20269179,0.735,0.631639834,-0.055852*x15 - 1.23807*x16**(1/4) - 1.258899*sqrt(x17) + 1.735054*(x17 + sin(x16))**(1/4) - 0.53947*cos(x16*x17) + 0.948352
777,Hill_Valley_with_noise,1212,100,RILSROLSClassifier,14.92265129,0.821782178,0.600923616,-0.583985 + 0.58151*EXP(-1.246199*SIN(7.073299 - (5.053778*X14 + 5.053778*X26 + 5.053778*X40 + 5.053778*X46 + 5.053778*X62 + 5.053778*X79)/(x0 + X2 + X93 + X96)))
778,Hill_Valley_without_noise,1212,100,RILSROLSClassifier,18.74250937,1,0.495055075,(-25.170847*x0 + 2.803121098657*x16 + 3.71676919222*x30 + 23.671006091448*x4 + 3.400349296589*x47 + 3.218329190384*x61 + 2.749590432554*x74 + 2.92266019514*x85)/x0
779,adult,48842,14,RILSROLSClassifier,101.5460379,0.825075751,0.500840981,0.023769*x4*sqrt(x7)*x9 - 0.037789*x4*x9 - 0.025082*x4 - 0.002541*exp(x7) + 0.062691*log(1/(x0 + x10)) + 1.48213496426749
780,agaricus_lepiota,8145,22,RILSROLSClassifier,103.4419055,0.991654394,0.514566797,-0.001527*exp(x21) - 0.881357*cos(x16*sin(0.248879*x17*x4*sin(-x17**2*x4 + x17*x3 + x3*x6) + 0.017466*x4**2 + 0.0493187442*x4*x7 + 1.57486*sin(x4))) + 0.854107
781,chess,3196,36,RILSROLSClassifier,72.22349811,0.937421777,0.527753417,0.124451*x14 - 0.973906782258*x20*x32*x9 + 0.920785829393664*x20*x32 + 0.985924657349621*x20*x9 + 0.786549*x31*x9 - 0.656188*x31 - 0.808561398248927*x32**2 + 0.837074744855107*x32*x9 + 0.160024*x34 - 0.907084*x9 + 0.636684
782,churn,5000,20,RILSROLSClassifier,103.4182835,0.9072,0.677732891,-0.033999*x19 - 0.00039*x7 + 1.114893*cos(6.9662e-7*x12*x7**2 + 0.009995*x17**2*x4 - 0.172272*x17*x4 + 0.282897506072*x18*x4 - 0.000211520876*x19**2*x7 + 0.0587074783039617*x19**2 + 0.165056*sin(0.001142*x12*x7) + 9.91914) + 0.865296
783,clean2,6598,168,RILSROLSClassifier,94.5126102,1,0.635819006,1.191712*sin(0.000297*x0**2 - 2.66509e-6*x0*x1 - 0.03667*x0 + 0.000234*x1 + 0.929744) - 0.000759
784,coil2000,9822,85,RILSROLSClassifier,84.06887341,0.939739414,0.693147181,0.000927*x42*x46*x58 + 0.034703
785,credit_g,1000,20,RILSROLSClassifier,17.14400911,0.732,0.564836496,0.730559*sin(0.221281*x0**2 - 0.570805*x0 - 0.002705*x1*x7 - 0.253412*x1*x14*sin(x18 + x5)/x12 + 0.005422*x3**2 + 0.879506) + 0.251184
786,dis,3772,29,RILSROLSClassifier,30.58673859,0.985153765,0.328107923,0.485185*x15*x22 - 0.48513*x15 + 0.98513
787,flare,1066,10,RILSROLSClassifier,12.89527917,0.842696629,0.705513164,0.099194*x0 - 0.148649*x2 + 0.117278*x3 + 0.405628*sin(x2) - 0.17074
788,german,1000,20,RILSROLSClassifier,19.81081676,0.732,0.586758328,-0.013299*sqrt(x1)*exp(x19 + cos(x0**2/sqrt(x17))) + 0.001573*x1*x5 + x1*(0.080931*x13 - 0.080931*x7)/x12 + 0.038816*x8 + 0.932685
789,hypothyroid,3163,25,RILSROLSClassifier,45.30562735,0.968394437,0.34635744,-0.000004*X13*X14*X16*X20 + 0.000083*X13*X14*X20*SQRT(X9 + (X16 + X2)/(X12 + 3.141593)) - 0.000148*X13*X14*X20 + 1.007191
790,kr_vs_kp,3196,36,RILSROLSClassifier,60.03351378,0.934918648,0.533710577,0.095069*x0 + 0.121409*x14 - 0.072679*x17 - 0.952757*x20*x32*x9 + 0.902927*x20*x32 + 0.981306*x20*x9 + 0.704501*x31*x9 - 0.583264*x31 - 0.238014*x32*x34 + 0.838401*x32*x9 - 0.623062*x32 + 0.2508*x34 + 0.076742*x5 - 0.912331*x9 + 0.575296
791,magic,19020,10,RILSROLSClassifier,103.7396817,0.823974763,0.635472737,0.507149*cos(0.271549*sqrt(x0) - 10.587318*x4*cos(x2) - 3.781168*x4 + 0.174437*sqrt(x2*x8)) + 0.546823
792,mofn_3_7_10,1324,10,RILSROLSClassifier,25.13016009,1,0.400486151,0.735072 - 0.735868*cos(cos(1.898673*sin(2.0*sin(0.289703 - 2.0/(0.232733*x2 + 0.234158*x3 + 0.223693*x4 + 0.241419*x5 + 0.222595*x6 + 0.241419*x7 + 0.227208*x8 + 0.088131)) + 0.241419) - 1.288219) - 0.9395)
793,mushroom,8124,22,RILSROLSClassifier,104.5704768,0.967996061,0.520516996,2.016132*cos(-0.320735*x11*x6 + 0.171762*x11*sin(0.145827069900622*x1*x4*x7 - 0.072709517177653*x13*x3*x4 + 1.027145*x16 + 3.045623*x18 - 3.045623*x3) + 0.169177*x11 + 1.029309*x6) - 1.010333
794,parity5+5,1124,10,RILSROLSClassifier,12.26356626,0.46975089,0.693147181,0.495848
795,phoneme,5404,5,RILSROLSClassifier,104.6536319,0.810510733,0.681693636,0.473618 - 0.620547*sin(sin(0.34671*sin(x0/x1 - 2.42*sin(10.0 - x3/x1)) - 0.776741*cos(x0) - 0.389663*cos(x1) + 5.943819*cos(sin(x2)*sin(sin(x0))) + 1.677892*cos(sin(x1*x4))))
796,ring,7400,20,RILSROLSClassifier,104.6374269,0.807567568,0.600486794,1.76979617319017*cos(3.3e-5*x4 + 4.2e-5*x9 + 0.428852*exp(4.2e-5*x8 + 0.713431*exp(8.2e-5*x18))) - 1.905827
797,spambase,4601,57,RILSROLSClassifier,65.99647903,0.90356212,0.585580877,-0.013335*x20**2 + 0.10146*x20 - 0.028824*x24 + 0.790732*sin(sqrt(0.318309851085102*x15 + x22 + x23 + 0.318309851085102*x51 + x6)) + 0.231836 - 0.331676783073/x54
798,twonorm,7400,20,RILSROLSClassifier,104.8955963,0.945945946,0.528911799,0.503331 - 0.654544*sin(sin(0.219017*x1 + 0.210366*x13 + 0.222848*x3 + 0.219784*x4 + 0.211077*x5 + sin(0.210004*x10 + 0.227575*x12 + 0.226369*x15 + 0.225189*x16 + 0.216137*x18 + 0.227575*x6 + 0.210004*x7 + 0.240167*x8)))
