algorithm,dataset,target_noise,data_group,symbolic_solution_rate_(%),accuracy_solution,rmse_test,log_mse_test
RILSROLS,feynman_III_10_19,0.0,Feynman,0.0,1.0,0.06184697738436229,0.003817751714546183
RILSROLS,feynman_III_10_19,0.001,Feynman,0.0,1.0,0.06949033798044532,0.0048172852995032565
RILSROLS,feynman_III_10_19,0.01,Feynman,0.0,1.0,0.10584554949290167,0.011140988419686025
RILSROLS,feynman_III_10_19,0.1,Feynman,0.0,0.0,1.8879922200908301,1.5183121826816854
RILSROLS,feynman_III_12_43,0.0,Feynman,100.0,1.0,3.183527897894791e-08,1.110223024625156e-15
RILSROLS,feynman_III_12_43,0.001,Feynman,100.0,1.0,9.873168095936504e-05,9.747944848210402e-09
RILSROLS,feynman_III_12_43,0.01,Feynman,100.0,1.0,0.0006969050678260506,4.856765556041661e-07
RILSROLS,feynman_III_12_43,0.1,Feynman,70.0,1.0,0.0036270547552984147,1.3155439664785162e-05
RILSROLS,feynman_III_13_18,0.0,Feynman,100.0,1.0,2.5191346839151453e-07,6.350475700855693e-14
RILSROLS,feynman_III_13_18,0.001,Feynman,60.0,1.0,0.20940353741207823,0.04291564911658316
RILSROLS,feynman_III_13_18,0.01,Feynman,0.0,1.0,11.410187643131998,4.876664811192235
RILSROLS,feynman_III_13_18,0.1,Feynman,0.0,0.0,73.59116603181407,8.597234616243787
RILSROLS,feynman_III_14_14,0.0,Feynman,10.0,0.0,0.8372071687148179,0.5311668373793894
RILSROLS,feynman_III_14_14,0.001,Feynman,10.0,0.0,0.9588653527147204,0.6520244974190254
RILSROLS,feynman_III_14_14,0.01,Feynman,10.0,0.0,0.9190187670684077,0.6122600091318706
RILSROLS,feynman_III_14_14,0.1,Feynman,0.0,0.0,1.2801492371571894,0.9703174733587019
RILSROLS,feynman_III_15_12,0.0,Feynman,70.0,1.0,8.000632302472018e-15,0.0
RILSROLS,feynman_III_15_12,0.001,Feynman,100.0,1.0,0.0009311590173895213,8.670567397672371e-07
RILSROLS,feynman_III_15_12,0.01,Feynman,80.0,1.0,0.008656890763581516,7.493894969939262e-05
RILSROLS,feynman_III_15_12,0.1,Feynman,0.0,0.0,0.4333568959315137,0.17210134056159604
RILSROLS,feynman_III_15_14,0.0,Feynman,100.0,1.0,3.2669848356422933e-09,0.0
RILSROLS,feynman_III_15_14,0.001,Feynman,100.0,1.0,1.339749979052533e-06,1.7950085862123422e-12
RILSROLS,feynman_III_15_14,0.01,Feynman,100.0,1.0,1.531105928777146e-05,2.344284766034318e-10
RILSROLS,feynman_III_15_14,0.1,Feynman,90.0,1.0,0.00015465847339724277,2.391924318871415e-08
RILSROLS,feynman_III_15_27,0.0,Feynman,100.0,1.0,1.8306177833477522e-09,0.0
RILSROLS,feynman_III_15_27,0.001,Feynman,100.0,1.0,0.00033304966479495826,1.1092207314756028e-07
RILSROLS,feynman_III_15_27,0.01,Feynman,100.0,1.0,0.003330518259175945,1.1092290355117275e-05
RILSROLS,feynman_III_15_27,0.1,Feynman,70.0,1.0,0.03357393025293122,0.0011265739698046585
RILSROLS,feynman_III_17_37,0.0,Feynman,100.0,1.0,3.2065634488878224e-15,0.0
RILSROLS,feynman_III_17_37,0.001,Feynman,100.0,1.0,3.2065634488878224e-15,0.0
RILSROLS,feynman_III_17_37,0.01,Feynman,100.0,1.0,3.2065634488878224e-15,0.0
RILSROLS,feynman_III_17_37,0.1,Feynman,10.0,0.0,0.26098424341319765,0.06589332982277081
RILSROLS,feynman_III_19_51,0.0,Feynman,60.0,1.0,1.4416238190267356e-15,0.0
RILSROLS,feynman_III_19_51,0.001,Feynman,70.0,1.0,0.0006529688538058586,4.263682330852938e-07
RILSROLS,feynman_III_19_51,0.01,Feynman,60.0,1.0,0.006529177816415915,4.262925431878359e-05
RILSROLS,feynman_III_19_51,0.1,Feynman,50.0,0.5,0.08374139542433275,0.00698814723048692
RILSROLS,feynman_III_21_20,0.0,Feynman,100.0,1.0,3.998462689793892e-15,0.0
RILSROLS,feynman_III_21_20,0.001,Feynman,100.0,1.0,0.0005959134703336682,3.5511280117284597e-07
RILSROLS,feynman_III_21_20,0.01,Feynman,90.0,1.0,0.005959575630882139,3.5515911002875175e-05
RILSROLS,feynman_III_21_20,0.1,Feynman,0.0,0.0,1.0551392560598527,0.7482596262931263
RILSROLS,feynman_III_4_32,0.0,Feynman,0.0,1.0,0.016244463634345136,0.00026384778787841973
RILSROLS,feynman_III_4_32,0.001,Feynman,0.0,1.0,0.016457136954806238,0.0002708006869332475
RILSROLS,feynman_III_4_32,0.01,Feynman,0.0,1.0,0.02064354822427179,0.0004260653045739109
RILSROLS,feynman_III_4_32,0.1,Feynman,0.0,0.0,1.173207551604991,0.8655934531573306
RILSROLS,feynman_III_4_33,0.0,Feynman,0.0,1.0,0.033102104391561624,0.0010951494200520519
RILSROLS,feynman_III_4_33,0.001,Feynman,0.0,1.0,0.033639505656296365,0.0011309765456515041
RILSROLS,feynman_III_4_33,0.01,Feynman,0.0,1.0,0.036024127830847665,0.001296896452101244
RILSROLS,feynman_III_4_33,0.1,Feynman,0.0,0.0,0.7178105118438887,0.41558171616858103
RILSROLS,feynman_III_7_38,0.0,Feynman,100.0,1.0,2.014240319138046e-08,4.440892098500625e-16
RILSROLS,feynman_III_7_38,0.001,Feynman,100.0,1.0,0.002836194535376612,8.043967089751842e-06
RILSROLS,feynman_III_7_38,0.01,Feynman,10.0,1.0,0.2693508681812276,0.07003888839777818
RILSROLS,feynman_III_7_38,0.1,Feynman,10.0,0.0,9.502720328425447,4.514169337705651
RILSROLS,feynman_III_8_54,0.0,Feynman,0.0,0.0,0.354171158084073,0.11817159057568803
RILSROLS,feynman_III_8_54,0.001,Feynman,0.0,0.0,0.415247599332925,0.15907900316852452
RILSROLS,feynman_III_8_54,0.01,Feynman,0.0,0.0,0.2812812000659858,0.07614507268603066
RILSROLS,feynman_III_8_54,0.1,Feynman,0.0,0.0,0.30619691189705917,0.08961814619660348
RILSROLS,feynman_III_9_52,0.0,Feynman,0.0,0.0,4.257289087360557,2.9509707779918997
RILSROLS,feynman_III_9_52,0.001,Feynman,0.0,0.0,2.4857443523117007,1.971149648319738
RILSROLS,feynman_III_9_52,0.01,Feynman,0.0,0.0,4.254903730329398,2.9499085073768074
RILSROLS,feynman_III_9_52,0.1,Feynman,0.0,0.0,4.73355190833563,3.153014345547305
RILSROLS,feynman_II_10_9,0.0,Feynman,100.0,1.0,9.466105085209131e-17,0.0
RILSROLS,feynman_II_10_9,0.001,Feynman,100.0,1.0,9.495800630913787e-17,0.0
RILSROLS,feynman_II_10_9,0.01,Feynman,100.0,1.0,9.495800630913787e-17,0.0
RILSROLS,feynman_II_10_9,0.1,Feynman,90.0,1.0,9.466105085209131e-17,0.0
RILSROLS,feynman_II_11_20,0.0,Feynman,100.0,1.0,8.570788579054245e-08,7.327471962526006e-15
RILSROLS,feynman_II_11_20,0.001,Feynman,100.0,1.0,0.0004100725637563668,1.6815949351311314e-07
RILSROLS,feynman_II_11_20,0.01,Feynman,100.0,1.0,0.003754890771706354,1.40991053146659e-05
RILSROLS,feynman_II_11_20,0.1,Feynman,0.0,0.0,0.4918121320629217,0.21662569475656807
RILSROLS,feynman_II_11_27,0.0,Feynman,0.0,1.0,0.0077884562483163675,6.0658210985541485e-05
RILSROLS,feynman_II_11_27,0.001,Feynman,0.0,1.0,0.007798872087685664,6.082055623251609e-05
RILSROLS,feynman_II_11_27,0.01,Feynman,0.0,1.0,0.008165768255063509,6.667754819833017e-05
RILSROLS,feynman_II_11_27,0.1,Feynman,0.0,0.0,0.05177664310649804,0.002677233780662997
RILSROLS,feynman_II_11_28,0.0,Feynman,0.0,1.0,0.0010646696374590685,1.133520794500742e-06
RILSROLS,feynman_II_11_28,0.001,Feynman,0.0,1.0,0.001058861054616084,1.121186104481384e-06
RILSROLS,feynman_II_11_28,0.01,Feynman,0.0,1.0,0.003059589579665684,9.361044581283708e-06
RILSROLS,feynman_II_11_28,0.1,Feynman,0.0,0.0,0.05344206574026527,0.0028519836163057918
RILSROLS,feynman_II_11_3,0.0,Feynman,100.0,1.0,9.226599762641391e-17,0.0
RILSROLS,feynman_II_11_3,0.001,Feynman,80.0,1.0,2.891048222191455e-05,8.35816082662015e-10
RILSROLS,feynman_II_11_3,0.01,Feynman,40.0,0.5,0.0027588388965412705,7.611163092080112e-06
RILSROLS,feynman_II_11_3,0.1,Feynman,0.0,0.0,0.0049174298262254995,2.4180823737447867e-05
RILSROLS,feynman_II_13_17,0.0,Feynman,100.0,1.0,5.7206312127221e-10,0.0
RILSROLS,feynman_II_13_17,0.001,Feynman,100.0,1.0,1.3145541720399629e-06,1.7279511155251006e-12
RILSROLS,feynman_II_13_17,0.01,Feynman,100.0,1.0,1.3145664644602649e-05,1.7280843421402348e-10
RILSROLS,feynman_II_13_17,0.1,Feynman,90.0,1.0,0.00013145971782466722,1.7281657289089303e-08
RILSROLS,feynman_II_13_23,0.0,Feynman,10.0,1.0,0.005922883956198887,3.507993905026734e-05
RILSROLS,feynman_II_13_23,0.001,Feynman,0.0,1.0,0.006112864854124701,3.7366418591547635e-05
RILSROLS,feynman_II_13_23,0.01,Feynman,0.0,1.0,0.01471670213822508,0.00021655787147673304
RILSROLS,feynman_II_13_23,0.1,Feynman,0.0,0.0,0.1516168105257568,0.022727421631799638
RILSROLS,feynman_II_13_34,0.0,Feynman,0.0,1.0,0.010117382404966489,0.00010235618815501137
RILSROLS,feynman_II_13_34,0.001,Feynman,0.0,1.0,0.009426930197825692,8.886306451555636e-05
RILSROLS,feynman_II_13_34,0.01,Feynman,0.0,1.0,0.019783326059930675,0.00039130342082299344
RILSROLS,feynman_II_13_34,0.1,Feynman,0.0,0.0,0.2507510168542565,0.06097850973513559
RILSROLS,feynman_II_15_4,0.0,Feynman,100.0,1.0,3.3083922665799256e-15,0.0
RILSROLS,feynman_II_15_4,0.001,Feynman,100.0,1.0,0.00041631012231351666,1.7331410292718732e-07
RILSROLS,feynman_II_15_4,0.01,Feynman,100.0,1.0,0.004165990628524461,1.735532731247163e-05
RILSROLS,feynman_II_15_4,0.1,Feynman,0.0,0.0,0.28376948594393175,0.07744714625759384
RILSROLS,feynman_II_15_5,0.0,Feynman,100.0,1.0,3.3130930425160508e-15,0.0
RILSROLS,feynman_II_15_5,0.001,Feynman,100.0,1.0,0.00033614144582838233,1.1299106522673383e-07
RILSROLS,feynman_II_15_5,0.01,Feynman,100.0,1.0,0.003342356343803091,1.1171283529963954e-05
RILSROLS,feynman_II_15_5,0.1,Feynman,10.0,0.0,0.49404990356668,0.2184005668969003
RILSROLS,feynman_II_21_32,0.0,Feynman,60.0,1.0,1.413077669409117e-09,0.0
RILSROLS,feynman_II_21_32,0.001,Feynman,60.0,1.0,1.7445533481303973e-05,3.0434654791720536e-10
RILSROLS,feynman_II_21_32,0.01,Feynman,60.0,1.0,5.2774906966698325e-05,2.7851907408243152e-09
RILSROLS,feynman_II_21_32,0.1,Feynman,0.0,0.0,0.004007628683877343,1.6060958689941576e-05
RILSROLS,feynman_II_24_17,0.0,Feynman,0.0,1.0,0.004802176225948974,2.3060630606670136e-05
RILSROLS,feynman_II_24_17,0.001,Feynman,0.0,1.0,0.004806908603637021,2.3106103375703968e-05
RILSROLS,feynman_II_24_17,0.01,Feynman,0.0,1.0,0.01155427254247816,0.0001334923034917739
RILSROLS,feynman_II_24_17,0.1,Feynman,0.0,0.0,0.13218314338878928,0.01732149634085838
RILSROLS,feynman_II_27_16,0.0,Feynman,100.0,1.0,4.0401582316902196e-14,0.0
RILSROLS,feynman_II_27_16,0.001,Feynman,100.0,1.0,4.046240048730609e-14,0.0
RILSROLS,feynman_II_27_16,0.01,Feynman,0.0,1.0,1.0783986244198878,0.771470068568334
RILSROLS,feynman_II_27_16,0.1,Feynman,0.0,0.0,11.638063775361452,4.915918146968744
RILSROLS,feynman_II_27_18,0.0,Feynman,100.0,1.0,1.1262878484266029e-14,0.0
RILSROLS,feynman_II_27_18,0.001,Feynman,100.0,1.0,1.1262878484266029e-14,0.0
RILSROLS,feynman_II_27_18,0.01,Feynman,70.0,1.0,1.1381920549878668e-14,0.0
RILSROLS,feynman_II_27_18,0.1,Feynman,0.0,0.0,2.9967215375362017,2.3006171552274592
RILSROLS,feynman_II_2_42,0.0,Feynman,60.0,1.0,3.057190998040144e-15,0.0
RILSROLS,feynman_II_2_42,0.001,Feynman,70.0,1.0,0.0013964927942683079,1.9501902228336073e-06
RILSROLS,feynman_II_2_42,0.01,Feynman,60.0,1.0,0.017107972090874134,0.00029263988583358083
RILSROLS,feynman_II_2_42,0.1,Feynman,30.0,0.0,0.32554203082510824,0.10072966223863962
RILSROLS,feynman_II_34_11,0.0,Feynman,100.0,1.0,1.9687388161616043e-15,0.0
RILSROLS,feynman_II_34_11,0.001,Feynman,100.0,1.0,0.00022696532275887736,5.151325633270006e-08
RILSROLS,feynman_II_34_11,0.01,Feynman,100.0,1.0,0.0023077613353614315,5.325748199059e-06
RILSROLS,feynman_II_34_11,0.1,Feynman,30.0,0.0,0.4310977984850636,0.1704558636193145
RILSROLS,feynman_II_34_2,0.0,Feynman,100.0,1.0,3.98243591504744e-15,0.0
RILSROLS,feynman_II_34_2,0.001,Feynman,100.0,1.0,0.0008795727255570708,7.736478802539275e-07
RILSROLS,feynman_II_34_2,0.01,Feynman,70.0,1.0,0.01740559434112325,0.0003029088328547768
RILSROLS,feynman_II_34_2,0.1,Feynman,0.0,0.0,1.1756114749761386,0.8679666419154026
RILSROLS,feynman_II_34_29a,0.0,Feynman,100.0,1.0,7.155027726687698e-09,0.0
RILSROLS,feynman_II_34_29a,0.001,Feynman,100.0,1.0,2.0135516880047718e-05,4.054390156115966e-10
RILSROLS,feynman_II_34_29a,0.01,Feynman,100.0,1.0,0.00021276030447379572,4.526694605507698e-08
RILSROLS,feynman_II_34_29a,0.1,Feynman,80.0,1.0,0.00233372783754226,5.446270788865953e-06
RILSROLS,feynman_II_34_29b,0.0,Feynman,100.0,1.0,1.3502067813357416e-07,1.82076576038524e-14
RILSROLS,feynman_II_34_29b,0.001,Feynman,40.0,1.0,0.06199238664233571,0.003835690326999318
RILSROLS,feynman_II_34_29b,0.01,Feynman,0.0,0.0,19.16118685670864,5.908493402171685
RILSROLS,feynman_II_34_29b,0.1,Feynman,0.0,0.0,123.81697979816654,9.63767423854178
RILSROLS,feynman_II_34_2a,0.0,Feynman,100.0,1.0,1.4360834246695155e-08,2.2204460492503128e-16
RILSROLS,feynman_II_34_2a,0.001,Feynman,100.0,1.0,3.6738258629912516e-05,1.3496996844381927e-09
RILSROLS,feynman_II_34_2a,0.01,Feynman,100.0,1.0,0.00036732406866600754,1.3492696227087385e-07
RILSROLS,feynman_II_34_2a,0.1,Feynman,90.0,1.0,0.004812442403204695,2.3159333704820365e-05
RILSROLS,feynman_II_35_18,0.0,Feynman,0.0,0.0,0.013918638855053093,0.00019370974463339905
RILSROLS,feynman_II_35_18,0.001,Feynman,0.0,0.0,0.013875319408056759,0.00019250595821454202
RILSROLS,feynman_II_35_18,0.01,Feynman,0.0,0.0,0.01287354098850927,0.00016571432620541933
RILSROLS,feynman_II_35_18,0.1,Feynman,0.0,0.0,0.03192630249295994,0.0010187696687793272
RILSROLS,feynman_II_35_21,0.0,Feynman,0.0,0.0,0.49198521681302837,0.21676280040180682
RILSROLS,feynman_II_35_21,0.001,Feynman,0.0,0.0,0.28998249008705546,0.08074078201563456
RILSROLS,feynman_II_35_21,0.01,Feynman,0.0,0.0,0.5706296857741704,0.2818789455499987
RILSROLS,feynman_II_35_21,0.1,Feynman,0.0,0.0,0.9927023122491808,0.6858495579392658
RILSROLS,feynman_II_36_38,0.0,Feynman,60.0,1.0,6.012636091117451e-16,0.0
RILSROLS,feynman_II_36_38,0.001,Feynman,50.0,1.0,0.00032262445596039664,1.0408653419257899e-07
RILSROLS,feynman_II_36_38,0.01,Feynman,20.0,1.0,0.0034126770751058038,1.1646297000604432e-05
RILSROLS,feynman_II_36_38,0.1,Feynman,0.0,0.0,0.18011512739707541,0.031926346054136474
RILSROLS,feynman_II_37_1,0.0,Feynman,100.0,1.0,1.0082607523139818e-14,0.0
RILSROLS,feynman_II_37_1,0.001,Feynman,100.0,1.0,1.0082607523139818e-14,0.0
RILSROLS,feynman_II_37_1,0.01,Feynman,60.0,1.0,1.0125055763001077e-14,0.0
RILSROLS,feynman_II_37_1,0.1,Feynman,0.0,0.0,2.9551489494887133,2.275512445015678
RILSROLS,feynman_II_38_14,0.0,Feynman,100.0,1.0,8.389595066376455e-17,0.0
RILSROLS,feynman_II_38_14,0.001,Feynman,100.0,1.0,1.4516912332376155e-05,2.1074075815530197e-10
RILSROLS,feynman_II_38_14,0.01,Feynman,60.0,1.0,0.0002365754653289392,5.596794915217731e-08
RILSROLS,feynman_II_38_14,0.1,Feynman,20.0,1.0,0.0050020051647619084,2.5019742672028997e-05
RILSROLS,feynman_II_38_3,0.0,Feynman,100.0,1.0,3.9619328230663106e-15,0.0
RILSROLS,feynman_II_38_3,0.001,Feynman,100.0,1.0,3.990139581200217e-15,0.0
RILSROLS,feynman_II_38_3,0.01,Feynman,90.0,1.0,3.999371789922714e-15,0.0
RILSROLS,feynman_II_38_3,0.1,Feynman,0.0,0.0,1.352684337265406,1.0401901058848866
RILSROLS,feynman_II_3_24,0.0,Feynman,100.0,1.0,1.4365128208969008e-09,0.0
RILSROLS,feynman_II_3_24,0.001,Feynman,100.0,1.0,4.347468446842922e-06,1.8900436771040052e-11
RILSROLS,feynman_II_3_24,0.01,Feynman,90.0,1.0,3.0384530299867528e-05,9.23219722466387e-10
RILSROLS,feynman_II_3_24,0.1,Feynman,100.0,1.0,0.00029023249574475625,8.423489795068869e-08
RILSROLS,feynman_II_4_23,0.0,Feynman,100.0,1.0,9.887948123465023e-10,0.0
RILSROLS,feynman_II_4_23,0.001,Feynman,100.0,1.0,4.054361136442732e-06,1.6437740057860044e-11
RILSROLS,feynman_II_4_23,0.01,Feynman,90.0,1.0,4.059313843338815e-05,1.6478027817536471e-09
RILSROLS,feynman_II_4_23,0.1,Feynman,100.0,1.0,0.0004059355711680607,1.647836744512502e-07
RILSROLS,feynman_II_6_11,0.0,Feynman,100.0,1.0,4.410949389681952e-10,0.0
RILSROLS,feynman_II_6_11,0.001,Feynman,100.0,1.0,1.0179961500261789e-06,1.0362821711845841e-12
RILSROLS,feynman_II_6_11,0.01,Feynman,100.0,1.0,1.244363793363973e-05,1.5484413750011178e-10
RILSROLS,feynman_II_6_11,0.1,Feynman,80.0,1.0,0.00012488530927268952,1.5596340319725472e-08
RILSROLS,feynman_II_6_15a,0.0,Feynman,0.0,0.0,0.018559407699243333,0.0003443923043085905
RILSROLS,feynman_II_6_15a,0.001,Feynman,0.0,0.0,0.016406902673954237,0.0002691502311792519
RILSROLS,feynman_II_6_15a,0.01,Feynman,0.0,0.5,0.012347254498788658,0.00015244307362196163
RILSROLS,feynman_II_6_15a,0.1,Feynman,0.0,0.0,0.04745638409399859,0.0022495761963132023
RILSROLS,feynman_II_6_15b,0.0,Feynman,0.0,1.0,7.03649794538724e-10,0.0
RILSROLS,feynman_II_6_15b,0.001,Feynman,0.0,1.0,1.926364469688054e-06,3.710809437500238e-12
RILSROLS,feynman_II_6_15b,0.01,Feynman,10.0,1.0,3.5684688207934664e-05,1.2733969426356443e-09
RILSROLS,feynman_II_6_15b,0.1,Feynman,10.0,0.0,0.007652902690703132,5.856520461830844e-05
RILSROLS,feynman_II_8_31,0.0,Feynman,100.0,1.0,5.708584796919623e-15,0.0
RILSROLS,feynman_II_8_31,0.001,Feynman,100.0,1.0,0.0016441965494657998,2.7033786392251002e-06
RILSROLS,feynman_II_8_31,0.01,Feynman,80.0,1.0,0.016953125146972853,0.0002873671583515804
RILSROLS,feynman_II_8_31,0.1,Feynman,0.0,0.0,1.1309706931778207,0.8237783065861706
RILSROLS,feynman_II_8_7,0.0,Feynman,100.0,1.0,7.338946756039377e-09,0.0
RILSROLS,feynman_II_8_7,0.001,Feynman,100.0,1.0,3.156331287491082e-06,9.962475289121754e-12
RILSROLS,feynman_II_8_7,0.01,Feynman,90.0,1.0,3.1576342746499406e-05,9.970653187000073e-10
RILSROLS,feynman_II_8_7,0.1,Feynman,100.0,1.0,0.0003158480439431656,9.975998196187017e-08
RILSROLS,feynman_I_10_7,0.0,Feynman,10.0,1.0,0.006280815209585305,3.944786161972422e-05
RILSROLS,feynman_I_10_7,0.001,Feynman,0.0,1.0,0.007101607363289295,5.043155544996247e-05
RILSROLS,feynman_I_10_7,0.01,Feynman,0.0,1.0,0.014952648389124967,0.0002235567031867171
RILSROLS,feynman_I_10_7,0.1,Feynman,0.0,0.0,0.18969400932258584,0.035351523225789466
RILSROLS,feynman_I_11_19,0.0,Feynman,100.0,1.0,5.060785766988954e-15,0.0
RILSROLS,feynman_I_11_19,0.001,Feynman,70.0,1.0,0.0026654480651604083,7.104588150396419e-06
RILSROLS,feynman_I_11_19,0.01,Feynman,30.0,1.0,0.058039169347782596,0.0033628843392370256
RILSROLS,feynman_I_11_19,0.1,Feynman,0.0,0.0,2.2299164718299167,1.7871701998453209
RILSROLS,feynman_I_12_1,0.0,Feynman,100.0,1.0,2.1298180064259244e-15,0.0
RILSROLS,feynman_I_12_1,0.001,Feynman,100.0,1.0,2.1298180064259244e-15,0.0
RILSROLS,feynman_I_12_1,0.01,Feynman,90.0,1.0,2.1350237105468903e-15,0.0
RILSROLS,feynman_I_12_1,0.1,Feynman,20.0,0.0,0.5402678498846364,0.25610575898308663
RILSROLS,feynman_I_12_11,0.0,Feynman,100.0,1.0,9.837195117618838e-15,0.0
RILSROLS,feynman_I_12_11,0.001,Feynman,100.0,1.0,1.003916601394833e-14,0.0
RILSROLS,feynman_I_12_11,0.01,Feynman,70.0,1.0,0.03649936278593486,0.0013313168880481005
RILSROLS,feynman_I_12_11,0.1,Feynman,0.0,0.0,2.064039312544131,1.660180128914363
RILSROLS,feynman_I_12_2,0.0,Feynman,90.0,1.0,2.069959855223776e-09,0.0
RILSROLS,feynman_I_12_2,0.001,Feynman,100.0,1.0,1.2023534128907172e-05,1.4456547069506592e-10
RILSROLS,feynman_I_12_2,0.01,Feynman,90.0,1.0,0.00011229455773417868,1.2610067577230653e-08
RILSROLS,feynman_I_12_2,0.1,Feynman,100.0,1.0,0.0011438501567631251,1.30839232518635e-06
RILSROLS,feynman_I_12_4,0.0,Feynman,100.0,1.0,6.470765110295991e-10,0.0
RILSROLS,feynman_I_12_4,0.001,Feynman,100.0,1.0,1.6868461060923427e-06,2.845501612110228e-12
RILSROLS,feynman_I_12_4,0.01,Feynman,90.0,1.0,1.3371729383293585e-05,1.7880319445673557e-10
RILSROLS,feynman_I_12_4,0.1,Feynman,100.0,1.0,0.00013293235117264708,1.767100983248563e-08
RILSROLS,feynman_I_12_5,0.0,Feynman,100.0,1.0,2.1275326383645277e-15,0.0
RILSROLS,feynman_I_12_5,0.001,Feynman,100.0,1.0,2.1275326383645277e-15,0.0
RILSROLS,feynman_I_12_5,0.01,Feynman,90.0,1.0,2.1287813597585017e-15,0.0
RILSROLS,feynman_I_12_5,0.1,Feynman,10.0,0.0,0.5097951252604018,0.23102526463826425
RILSROLS,feynman_I_13_12,0.0,Feynman,80.0,1.0,3.400078862826047e-15,0.0
RILSROLS,feynman_I_13_12,0.001,Feynman,80.0,1.0,0.0014160821372854405,2.0052866090112737e-06
RILSROLS,feynman_I_13_12,0.01,Feynman,30.0,1.0,0.050362099405896706,0.002533129972049513
RILSROLS,feynman_I_13_12,0.1,Feynman,0.0,0.0,0.4485029186928047,0.18328348405684727
RILSROLS,feynman_I_13_4,0.0,Feynman,100.0,1.0,1.2566087051182008e-14,0.0
RILSROLS,feynman_I_13_4,0.001,Feynman,90.0,1.0,0.0066529314090395825,4.4260516822282846e-05
RILSROLS,feynman_I_13_4,0.01,Feynman,0.0,1.0,0.2421469211720037,0.056980466583962004
RILSROLS,feynman_I_13_4,0.1,Feynman,0.0,0.0,4.376733371752383,3.0034918404655317
RILSROLS,feynman_I_14_3,0.0,Feynman,100.0,1.0,7.743350145210462e-15,0.0
RILSROLS,feynman_I_14_3,0.001,Feynman,100.0,1.0,7.743350145210462e-15,0.0
RILSROLS,feynman_I_14_3,0.01,Feynman,70.0,1.0,7.754431664197064e-15,0.0
RILSROLS,feynman_I_14_3,0.1,Feynman,0.0,0.0,2.2471639170692774,1.8000162331720448
RILSROLS,feynman_I_14_4,0.0,Feynman,100.0,1.0,5.750958032398769e-15,0.0
RILSROLS,feynman_I_14_4,0.001,Feynman,100.0,1.0,0.0012556479186231404,1.5766504527310478e-06
RILSROLS,feynman_I_14_4,0.01,Feynman,70.0,1.0,0.020094710698842725,0.0004037158938408863
RILSROLS,feynman_I_14_4,0.1,Feynman,0.0,0.0,1.4181338425569638,1.1023066545554874
RILSROLS,feynman_I_15_10,0.0,Feynman,0.0,1.0,0.006115717892131595,3.7401305898634246e-05
RILSROLS,feynman_I_15_10,0.001,Feynman,0.0,1.0,0.012155368809854428,0.00014774207650544317
RILSROLS,feynman_I_15_10,0.01,Feynman,0.0,1.0,0.025098127788876733,0.0006297177046879602
RILSROLS,feynman_I_15_10,0.1,Feynman,0.0,0.0,0.28558058613396275,0.07840099573391203
RILSROLS,feynman_I_15_3t,0.0,Feynman,0.0,1.0,0.009628269666757566,9.269928006468149e-05
RILSROLS,feynman_I_15_3t,0.001,Feynman,0.0,1.0,0.009738846305883788,9.484062985496353e-05
RILSROLS,feynman_I_15_3t,0.01,Feynman,0.0,1.0,0.013099790132855288,0.00017158977915654529
RILSROLS,feynman_I_15_3t,0.1,Feynman,0.0,0.0,0.1791130932201866,0.03157763696723487
RILSROLS,feynman_I_15_3x,0.0,Feynman,0.0,1.0,0.025685593163068704,0.000659532156983581
RILSROLS,feynman_I_15_3x,0.001,Feynman,0.0,1.0,0.029633331413169192,0.0008777489962585068
RILSROLS,feynman_I_15_3x,0.01,Feynman,0.0,1.0,0.035668631506096185,0.0012714426476437603
RILSROLS,feynman_I_15_3x,0.1,Feynman,0.0,0.0,0.36828054426473406,0.1271880555081523
RILSROLS,feynman_I_16_6,0.0,Feynman,0.0,0.0,0.0724322160812575,0.005232711381258107
RILSROLS,feynman_I_16_6,0.001,Feynman,0.0,0.0,0.06486075296073432,0.004198092938333976
RILSROLS,feynman_I_16_6,0.01,Feynman,0.0,0.0,0.07988773722380561,0.006361771509618371
RILSROLS,feynman_I_16_6,0.1,Feynman,0.0,0.0,0.20529414386145417,0.04128174690158579
RILSROLS,feynman_I_18_12,0.0,Feynman,100.0,1.0,2.5666482146313e-15,0.0
RILSROLS,feynman_I_18_12,0.001,Feynman,100.0,1.0,2.5666482146313e-15,0.0
RILSROLS,feynman_I_18_12,0.01,Feynman,90.0,1.0,2.5666482146313e-15,0.0
RILSROLS,feynman_I_18_12,0.1,Feynman,33.33333333333333,0.0,0.42171010616086163,0.16368175474683833
RILSROLS,feynman_I_18_14,0.0,Feynman,100.0,1.0,9.574718175859947e-15,0.0
RILSROLS,feynman_I_18_14,0.001,Feynman,100.0,1.0,9.575215910375809e-15,0.0
RILSROLS,feynman_I_18_14,0.01,Feynman,80.0,1.0,9.68983279300746e-15,0.0
RILSROLS,feynman_I_18_14,0.1,Feynman,0.0,0.0,2.6290880549674394,2.0683937389221487
RILSROLS,feynman_I_18_4,0.0,Feynman,60.0,1.0,6.3894468429892e-16,0.0
RILSROLS,feynman_I_18_4,0.001,Feynman,50.0,1.0,0.007765461280280198,6.030057077946548e-05
RILSROLS,feynman_I_18_4,0.01,Feynman,10.0,1.0,0.01284270232856905,0.00016492140281812781
RILSROLS,feynman_I_18_4,0.1,Feynman,0.0,0.0,0.17957528686266142,0.03173825429772984
RILSROLS,feynman_I_24_6,0.0,Feynman,100.0,1.0,8.268272288127472e-15,0.0
RILSROLS,feynman_I_24_6,0.001,Feynman,100.0,1.0,0.003941413747974553,1.5534621669874522e-05
RILSROLS,feynman_I_24_6,0.01,Feynman,10.0,1.0,0.060291156584480164,0.0036284328309588894
RILSROLS,feynman_I_24_6,0.1,Feynman,0.0,0.0,1.8078153919441282,1.4511913706529977
RILSROLS,feynman_I_25_13,0.0,Feynman,100.0,1.0,2.8446142266490105e-16,0.0
RILSROLS,feynman_I_25_13,0.001,Feynman,100.0,1.0,2.8446142266490105e-16,0.0
RILSROLS,feynman_I_25_13,0.01,Feynman,90.0,1.0,2.8446142266490105e-16,0.0
RILSROLS,feynman_I_25_13,0.1,Feynman,90.0,1.0,2.858005246867276e-16,0.0
RILSROLS,feynman_I_27_6,0.0,Feynman,90.0,1.0,1.5081624843498912e-16,0.0
RILSROLS,feynman_I_27_6,0.001,Feynman,80.0,1.0,2.6192381923042545e-05,6.860407795051118e-10
RILSROLS,feynman_I_27_6,0.01,Feynman,80.0,1.0,0.00015520299890439928,2.408797066109912e-08
RILSROLS,feynman_I_27_6,0.1,Feynman,10.0,0.0,0.03457075936443076,0.0011944237948440226
RILSROLS,feynman_I_29_16,0.0,Feynman,0.0,0.0,0.33736380774039804,0.10779046583190154
RILSROLS,feynman_I_29_16,0.001,Feynman,0.0,0.0,0.40062102509794884,0.14884853893155106
RILSROLS,feynman_I_29_16,0.01,Feynman,0.0,0.0,0.2594540432256952,0.06514746120795326
RILSROLS,feynman_I_29_16,0.1,Feynman,0.0,0.0,0.5532881726090793,0.26706688360792225
RILSROLS,feynman_I_29_4,0.0,Feynman,100.0,1.0,3.8663761411618513e-16,0.0
RILSROLS,feynman_I_29_4,0.001,Feynman,100.0,1.0,3.8663761411618513e-16,0.0
RILSROLS,feynman_I_29_4,0.01,Feynman,90.0,1.0,3.8663761411618513e-16,0.0
RILSROLS,feynman_I_29_4,0.1,Feynman,100.0,1.0,3.882811587880868e-16,0.0
RILSROLS,feynman_I_30_3,0.0,Feynman,0.0,1.0,0.07662419003228636,0.00585409778158763
RILSROLS,feynman_I_30_3,0.001,Feynman,0.0,1.0,0.07664241152085915,0.005856874222117175
RILSROLS,feynman_I_30_3,0.01,Feynman,0.0,0.5,0.078119695423069,0.0060841408351059905
RILSROLS,feynman_I_30_3,0.1,Feynman,10.0,0.0,0.19817450801757475,0.038521560753198854
RILSROLS,feynman_I_32_17,0.0,Feynman,0.0,0.0,0.34647776143834735,0.11337050512122854
RILSROLS,feynman_I_32_17,0.001,Feynman,0.0,0.0,0.34658418757150344,0.11343635725534862
RILSROLS,feynman_I_32_17,0.01,Feynman,0.0,0.0,0.26772789089315846,0.06922585300260932
RILSROLS,feynman_I_32_17,0.1,Feynman,0.0,0.0,0.4965204220095537,0.2203657202896164
RILSROLS,feynman_I_32_5,0.0,Feynman,90.0,1.0,3.530679136478073e-08,1.332267629550187e-15
RILSROLS,feynman_I_32_5,0.001,Feynman,80.0,1.0,9.327111513127552e-05,8.699500859594884e-09
RILSROLS,feynman_I_32_5,0.01,Feynman,80.0,1.0,0.0009333010052181527,8.710503870399813e-07
RILSROLS,feynman_I_32_5,0.1,Feynman,80.0,1.0,0.010495132070881333,0.00011014173136201986
RILSROLS,feynman_I_34_1,0.0,Feynman,100.0,1.0,9.71075467101791e-16,0.0
RILSROLS,feynman_I_34_1,0.001,Feynman,100.0,1.0,9.785004652108076e-16,0.0
RILSROLS,feynman_I_34_1,0.01,Feynman,90.0,1.0,9.785004652108076e-16,0.0
RILSROLS,feynman_I_34_1,0.1,Feynman,0.0,0.0,0.17080869012626487,0.028758101788467903
RILSROLS,feynman_I_34_14,0.0,Feynman,0.0,1.0,0.0049767852037707295,2.4768084232905174e-05
RILSROLS,feynman_I_34_14,0.001,Feynman,0.0,1.0,0.00523609521549085,2.741631727491418e-05
RILSROLS,feynman_I_34_14,0.01,Feynman,0.0,1.0,0.012735263600604075,0.00016217378809728773
RILSROLS,feynman_I_34_14,0.1,Feynman,0.0,0.0,0.24439083192776656,0.05801121334838351
RILSROLS,feynman_I_34_27,0.0,Feynman,100.0,1.0,3.196540527729766e-08,1.110223024625156e-15
RILSROLS,feynman_I_34_27,0.001,Feynman,100.0,1.0,6.393533207453595e-05,4.087726593298931e-09
RILSROLS,feynman_I_34_27,0.01,Feynman,90.0,1.0,0.0004829123344823625,2.3320429554941872e-07
RILSROLS,feynman_I_34_27,0.1,Feynman,90.0,1.0,0.006334819899754335,4.012913797764253e-05
RILSROLS,feynman_I_34_8,0.0,Feynman,100.0,1.0,3.9719032697911766e-15,0.0
RILSROLS,feynman_I_34_8,0.001,Feynman,100.0,1.0,3.978935165786129e-15,0.0
RILSROLS,feynman_I_34_8,0.01,Feynman,90.0,1.0,3.980360557483642e-15,0.0
RILSROLS,feynman_I_34_8,0.1,Feynman,0.0,0.0,0.9075925992249972,0.6008807432604913
RILSROLS,feynman_I_37_4,0.0,Feynman,0.0,1.0,1.9312255400453327e-15,0.0
RILSROLS,feynman_I_37_4,0.001,Feynman,0.0,1.0,0.0008924147721343132,7.964038084063461e-07
RILSROLS,feynman_I_37_4,0.01,Feynman,0.0,1.0,0.00929264927201892,8.63496022584574e-05
RILSROLS,feynman_I_37_4,0.1,Feynman,0.0,0.0,0.19101940225568032,0.035838472935511886
RILSROLS,feynman_I_38_12,0.0,Feynman,100.0,1.0,1.9647893868850564e-08,4.440892098500625e-16
RILSROLS,feynman_I_38_12,0.001,Feynman,100.0,1.0,9.298063825951692e-05,8.64539902594028e-09
RILSROLS,feynman_I_38_12,0.01,Feynman,90.0,1.0,0.0009289078371165629,8.628693975857047e-07
RILSROLS,feynman_I_38_12,0.1,Feynman,70.0,1.0,0.02153863741464436,0.00046380532735808294
RILSROLS,feynman_I_39_1,0.0,Feynman,100.0,1.0,3.2790147117527278e-15,0.0
RILSROLS,feynman_I_39_1,0.001,Feynman,100.0,1.0,0.00044342287369667947,1.9662382565306878e-07
RILSROLS,feynman_I_39_1,0.01,Feynman,90.0,1.0,0.003947396075368078,1.558181437878776e-05
RILSROLS,feynman_I_39_1,0.1,Feynman,10.0,0.0,0.8652336041251184,0.5588321608126406
RILSROLS,feynman_I_39_11,0.0,Feynman,100.0,1.0,1.4672893943532858e-15,0.0
RILSROLS,feynman_I_39_11,0.001,Feynman,100.0,1.0,0.0004390640235035216,1.927771980528292e-07
RILSROLS,feynman_I_39_11,0.01,Feynman,90.0,1.0,0.004390758089769317,1.927857077006324e-05
RILSROLS,feynman_I_39_11,0.1,Feynman,30.0,0.0,0.12188835011308896,0.014747489130692518
RILSROLS,feynman_I_39_22,0.0,Feynman,100.0,1.0,4.1006482686288915e-15,0.0
RILSROLS,feynman_I_39_22,0.001,Feynman,100.0,1.0,4.111563089191619e-15,0.0
RILSROLS,feynman_I_39_22,0.01,Feynman,90.0,1.0,4.1006482686288915e-15,0.0
RILSROLS,feynman_I_39_22,0.1,Feynman,0.0,0.0,1.089212056848559,0.7822485367136071
RILSROLS,feynman_I_40_1,0.0,Feynman,0.0,0.0,0.17042453502993907,0.028630723301883806
RILSROLS,feynman_I_40_1,0.001,Feynman,0.0,0.0,0.19339425673136226,0.03671887321452704
RILSROLS,feynman_I_40_1,0.01,Feynman,0.0,0.0,0.22198599442300646,0.04810210057459827
RILSROLS,feynman_I_40_1,0.1,Feynman,0.0,0.0,0.18939694714034044,0.035242815245955995
RILSROLS,feynman_I_41_16,0.0,Feynman,0.0,1.0,0.017609730735933714,0.0003100545447136231
RILSROLS,feynman_I_41_16,0.001,Feynman,0.0,1.0,0.017366190842571134,0.00030153911689109693
RILSROLS,feynman_I_41_16,0.01,Feynman,0.0,1.0,0.017943095211179226,0.00032190284947531403
RILSROLS,feynman_I_41_16,0.1,Feynman,0.0,0.0,0.4400938827713569,0.17704317197629504
RILSROLS,feynman_I_43_16,0.0,Feynman,100.0,1.0,3.935116217159641e-15,0.0
RILSROLS,feynman_I_43_16,0.001,Feynman,100.0,1.0,3.935116217159641e-15,0.0
RILSROLS,feynman_I_43_16,0.01,Feynman,90.0,1.0,3.982367381682807e-15,0.0
RILSROLS,feynman_I_43_16,0.1,Feynman,0.0,0.0,1.148856430583322,0.8415116229676791
RILSROLS,feynman_I_43_31,0.0,Feynman,100.0,1.0,8.056392599304249e-15,0.0
RILSROLS,feynman_I_43_31,0.001,Feynman,100.0,1.0,8.056392599304249e-15,0.0
RILSROLS,feynman_I_43_31,0.01,Feynman,40.0,1.0,0.10928002506831254,0.011871379386918833
RILSROLS,feynman_I_43_31,0.1,Feynman,0.0,0.0,2.5449625300667043,2.0118094777282205
RILSROLS,feynman_I_43_43,0.0,Feynman,100.0,1.0,7.104693430022608e-16,0.0
RILSROLS,feynman_I_43_43,0.001,Feynman,100.0,1.0,0.00019281612651139915,3.717805794057766e-08
RILSROLS,feynman_I_43_43,0.01,Feynman,90.0,1.0,0.0019281270984601538,3.7176671973615496e-06
RILSROLS,feynman_I_43_43,0.1,Feynman,50.0,0.5,0.05028382950319558,0.002525272323712953
RILSROLS,feynman_I_44_4,0.0,Feynman,10.0,1.0,7.955686577116728e-15,0.0
RILSROLS,feynman_I_44_4,0.001,Feynman,10.0,1.0,0.0031807178286360352,1.0116914729316773e-05
RILSROLS,feynman_I_44_4,0.01,Feynman,20.0,1.0,0.053923052873936145,0.002903476461033115
RILSROLS,feynman_I_44_4,0.1,Feynman,0.0,0.0,1.4216927520097062,1.1056575064425387
RILSROLS,feynman_I_47_23,0.0,Feynman,100.0,1.0,3.0474408643308357e-16,0.0
RILSROLS,feynman_I_47_23,0.001,Feynman,100.0,1.0,3.0474408643308357e-16,0.0
RILSROLS,feynman_I_47_23,0.01,Feynman,90.0,1.0,3.0474408643308357e-16,0.0
RILSROLS,feynman_I_47_23,0.1,Feynman,30.0,0.0,0.05679495628130439,0.0032204757556226074
RILSROLS,feynman_I_48_2,0.0,Feynman,0.0,1.0,0.009408565399491267,8.851718511486729e-05
RILSROLS,feynman_I_48_2,0.001,Feynman,0.0,1.0,0.06626259718693242,0.0043811206461711475
RILSROLS,feynman_I_48_2,0.01,Feynman,0.0,1.0,1.25139081166918,0.9423400680031948
RILSROLS,feynman_I_48_2,0.1,Feynman,0.0,0.0,14.394604545678888,5.3385214423229215
RILSROLS,feynman_I_50_26,0.0,Feynman,70.0,1.0,2.597853685169614e-15,0.0
RILSROLS,feynman_I_50_26,0.001,Feynman,80.0,1.0,0.0003660726863349444,1.3400920274822577e-07
RILSROLS,feynman_I_50_26,0.01,Feynman,40.0,1.0,0.0024475861228149508,5.990659884654577e-06
RILSROLS,feynman_I_50_26,0.1,Feynman,20.0,1.0,0.053844540952986755,0.002895039915441529
RILSROLS,feynman_I_6_2,0.0,Feynman,0.0,0.0,0.003106130435675013,9.6479997413511e-06
RILSROLS,feynman_I_6_2,0.001,Feynman,0.0,0.0,0.0031087979090654765,9.664577737227537e-06
RILSROLS,feynman_I_6_2,0.01,Feynman,0.0,0.0,0.00305280242156527,9.319559197952883e-06
RILSROLS,feynman_I_6_2,0.1,Feynman,0.0,0.0,0.005361890886973613,2.8749460614090024e-05
RILSROLS,feynman_I_6_2a,0.0,Feynman,0.0,1.0,0.0009859494251689205,9.720957965509991e-07
RILSROLS,feynman_I_6_2a,0.001,Feynman,0.0,1.0,0.000987432610419909,9.750226848753697e-07
RILSROLS,feynman_I_6_2a,0.01,Feynman,0.0,1.0,0.0008248156890766268,6.80320689513448e-07
RILSROLS,feynman_I_6_2a,0.1,Feynman,0.0,1.0,0.0010959546936043295,1.2011159689902206e-06
RILSROLS,feynman_I_6_2b,0.0,Feynman,0.0,0.0,0.006784374975555511,4.602668456492129e-05
RILSROLS,feynman_I_6_2b,0.001,Feynman,0.0,0.0,0.006771423309775051,4.5851122461389355e-05
RILSROLS,feynman_I_6_2b,0.01,Feynman,0.0,0.0,0.0056374193840079525,3.177999232181249e-05
RILSROLS,feynman_I_6_2b,0.1,Feynman,0.0,0.0,0.009142228096568754,8.357684192823432e-05
RILSROLS,feynman_I_8_14,0.0,Feynman,0.0,0.0,0.23032751799555312,0.0516914423848086
RILSROLS,feynman_I_8_14,0.001,Feynman,0.0,0.0,0.21436080783436326,0.044926094865256845
RILSROLS,feynman_I_8_14,0.01,Feynman,0.0,0.0,0.23050435547765272,0.05176882630378425
RILSROLS,feynman_I_8_14,0.1,Feynman,0.0,0.0,0.33595870858960164,0.10694069500604446
RILSROLS,feynman_I_9_18,0.0,Feynman,0.0,0.0,0.014862910734303311,0.00022088171933269904
RILSROLS,feynman_I_9_18,0.001,Feynman,0.0,0.0,0.014859325686199973,0.00022077518721342525
RILSROLS,feynman_I_9_18,0.01,Feynman,0.0,0.0,0.014877410576898826,0.00022131285397718688
RILSROLS,feynman_I_9_18,0.1,Feynman,0.0,0.0,0.023891712708699026,0.0005706510838495436
RILSROLS,feynman_test_1,0.0,Feynman,0.0,0.0,0.7802046573016586,0.47543840112938496
RILSROLS,feynman_test_1,0.001,Feynman,0.0,0.0,1.21817902212428,0.9098541131951017
RILSROLS,feynman_test_1,0.01,Feynman,0.0,0.0,0.894599761688509,0.5879581688684381
RILSROLS,feynman_test_1,0.1,Feynman,0.0,0.0,4.3091159955126015,2.9739201423585135
RILSROLS,feynman_test_11,0.0,Feynman,0.0,0.0,0.12224080566269957,0.014832270580531508
RILSROLS,feynman_test_11,0.001,Feynman,0.0,0.0,0.1285460531732257,0.016389050594888557
RILSROLS,feynman_test_11,0.01,Feynman,0.0,0.0,0.12146748972577635,0.014646564542687673
RILSROLS,feynman_test_11,0.1,Feynman,0.0,0.0,0.18827247751738876,0.03483275956451915
RILSROLS,feynman_test_12,0.0,Feynman,0.0,1.0,0.01869350063664443,0.0003493859236815833
RILSROLS,feynman_test_12,0.001,Feynman,0.0,1.0,0.01869350063664443,0.0003493859236815833
RILSROLS,feynman_test_12,0.01,Feynman,0.0,1.0,0.018745960940964135,0.0003513493211978948
RILSROLS,feynman_test_12,0.1,Feynman,0.0,0.0,4.9102952150471175,3.2233059612634256
RILSROLS,feynman_test_13,0.0,Feynman,0.0,0.0,0.002209129680889257,4.880242038558907e-06
RILSROLS,feynman_test_13,0.001,Feynman,0.0,0.0,0.0026337843823759626,6.936796113316712e-06
RILSROLS,feynman_test_13,0.01,Feynman,0.0,0.0,0.003701786803813997,1.3703131652613427e-05
RILSROLS,feynman_test_13,0.1,Feynman,0.0,0.0,0.004688306147439996,2.1979972970660072e-05
RILSROLS,feynman_test_14,0.0,Feynman,0.0,0.0,3.3945734547638255,2.527577249766789
RILSROLS,feynman_test_14,0.001,Feynman,0.0,0.5,3.3222580050756174,2.4880183245268612
RILSROLS,feynman_test_14,0.01,Feynman,0.0,1.0,0.171067964002164,0.02884422496078355
RILSROLS,feynman_test_14,0.1,Feynman,0.0,0.0,3.2965381692812326,2.473775250126181
RILSROLS,feynman_test_15,0.0,Feynman,0.0,1.0,0.02389415987541514,0.0005707679571266117
RILSROLS,feynman_test_15,0.001,Feynman,0.0,1.0,0.02354706621226053,0.0005543106686557235
RILSROLS,feynman_test_15,0.01,Feynman,0.0,1.0,0.026712607729841676,0.0007133089464013034
RILSROLS,feynman_test_15,0.1,Feynman,0.0,0.0,0.19503551464864288,0.03733321369087534
RILSROLS,feynman_test_16,0.0,Feynman,0.0,0.0,1.2669899522706056,0.9575338367503906
RILSROLS,feynman_test_16,0.001,Feynman,0.0,0.0,1.3395999340380311,1.0276632133739176
RILSROLS,feynman_test_16,0.01,Feynman,0.0,0.0,1.3979565832727812,1.0832558493759465
RILSROLS,feynman_test_16,0.1,Feynman,0.0,0.0,5.584567916269912,3.4715750346964898
RILSROLS,feynman_test_17,0.0,Feynman,80.0,1.0,8.400863026730572e-13,0.0
RILSROLS,feynman_test_17,0.001,Feynman,0.0,1.0,6.394811092867715,3.735133283395685
RILSROLS,feynman_test_17,0.01,Feynman,0.0,0.5,77.05852521262698,8.689298793919662
RILSROLS,feynman_test_17,0.1,Feynman,0.0,0.0,201.83104064942847,10.614886378084682
RILSROLS,feynman_test_18,0.0,Feynman,80.0,1.0,2.446542829032997e-08,6.661338147750937e-16
RILSROLS,feynman_test_18,0.001,Feynman,100.0,1.0,0.00012400159778580916,1.5376396038124565e-08
RILSROLS,feynman_test_18,0.01,Feynman,40.0,1.0,0.0012293518157696218,1.5113047448593847e-06
RILSROLS,feynman_test_18,0.1,Feynman,0.0,0.5,0.021835593515191935,0.00047667951442670564
RILSROLS,feynman_test_19,0.0,Feynman,60.0,1.0,9.093595561535078e-07,8.268941087404747e-13
RILSROLS,feynman_test_19,0.001,Feynman,50.0,1.0,0.017434462802103368,0.00030391430656635457
RILSROLS,feynman_test_19,0.01,Feynman,20.0,1.0,0.09185672473107871,0.008402259821500039
RILSROLS,feynman_test_19,0.1,Feynman,0.0,0.0,1.8960413099510296,1.5249628034593183
RILSROLS,feynman_test_2,0.0,Feynman,0.0,0.0,0.5552550628656463,0.2687348406015973
RILSROLS,feynman_test_2,0.001,Feynman,0.0,1.0,0.04840206875421444,0.0023400202754535514
RILSROLS,feynman_test_2,0.01,Feynman,0.0,1.0,0.04058214714741152,0.0016455559968648061
RILSROLS,feynman_test_2,0.1,Feynman,0.0,0.0,0.406817760133575,0.1531507714798565
RILSROLS,feynman_test_20,0.0,Feynman,0.0,0.0,9.005061069665867,4.407829909134019
RILSROLS,feynman_test_20,0.001,Feynman,0.0,0.0,8.844116903635785,4.372208643103834
RILSROLS,feynman_test_20,0.01,Feynman,0.0,0.0,9.52327685458331,4.518443881623678
RILSROLS,feynman_test_20,0.1,Feynman,0.0,0.0,28.48645542216162,6.7000890123267185
RILSROLS,feynman_test_3,0.0,Feynman,0.0,1.0,0.039576694056512436,0.0015650893209524573
RILSROLS,feynman_test_3,0.001,Feynman,0.0,1.0,0.03776652930231014,0.0014252945205626318
RILSROLS,feynman_test_3,0.01,Feynman,0.0,1.0,0.04518602617671818,0.0020396953680141324
RILSROLS,feynman_test_3,0.1,Feynman,0.0,0.0,0.23524882733732635,0.0538648952113479
RILSROLS,feynman_test_4,0.0,Feynman,0.0,0.0,0.018065434906017513,0.0003263066945230638
RILSROLS,feynman_test_4,0.001,Feynman,0.0,0.0,0.018061070299987915,0.0003261490679911574
RILSROLS,feynman_test_4,0.01,Feynman,0.0,0.0,0.020204565735097255,0.000408141175601688
RILSROLS,feynman_test_4,0.1,Feynman,0.0,0.0,0.20617694274802167,0.041630242252123625
RILSROLS,feynman_test_5,0.0,Feynman,0.0,1.0,0.008395830177560116,7.048748006963012e-05
RILSROLS,feynman_test_5,0.001,Feynman,0.0,1.0,0.0033498347601115482,1.1221329960621495e-05
RILSROLS,feynman_test_5,0.01,Feynman,0.0,1.0,0.014007980440758197,0.00019620426671260944
RILSROLS,feynman_test_5,0.1,Feynman,0.0,0.0,0.3772468435757638,0.13305706351264598
RILSROLS,feynman_test_6,0.0,Feynman,0.0,0.0,0.1271853188330485,0.016046666150465485
RILSROLS,feynman_test_6,0.001,Feynman,0.0,0.0,0.09762866268908452,0.009486218990173595
RILSROLS,feynman_test_6,0.01,Feynman,0.0,0.0,0.08929504278574395,0.007941983459206374
RILSROLS,feynman_test_6,0.1,Feynman,0.0,0.0,0.20452756761739416,0.04098024687655869
RILSROLS,feynman_test_7,0.0,Feynman,0.0,1.0,0.017100423256077853,0.0002923817278334013
RILSROLS,feynman_test_7,0.001,Feynman,0.0,1.0,0.022842892374734258,0.0005216616429457637
RILSROLS,feynman_test_7,0.01,Feynman,0.0,1.0,0.03883468372605735,0.0015069965701488696
RILSROLS,feynman_test_7,0.1,Feynman,0.0,0.0,0.377967581803202,0.13353344890479868
RILSROLS,feynman_test_8,0.0,Feynman,0.0,0.0,0.03323543169141576,0.0011039843047277074
RILSROLS,feynman_test_8,0.001,Feynman,0.0,0.0,0.030097846209498482,0.0009054702844755548
RILSROLS,feynman_test_8,0.01,Feynman,0.0,0.0,0.0380182346032488,0.0014443425972171262
RILSROLS,feynman_test_8,0.1,Feynman,0.0,0.0,0.08426205699866812,0.007075007257149497
RILSROLS,feynman_test_9,0.0,Feynman,0.0,0.0,3295.8913265557107,16.20086393040408
RILSROLS,feynman_test_9,0.001,Feynman,0.0,0.0,939.6058108835916,13.690922007059674
RILSROLS,feynman_test_9,0.01,Feynman,0.0,0.0,607.1912711400709,12.817690413137143
RILSROLS,feynman_test_9,0.1,Feynman,0.0,0.0,1141.0595971441096,14.079425929792277
RILSROLS,strogatz_bacres1,0.0,Strogatz,80.0,1.0,1.830502249051966e-14,0.0
RILSROLS,strogatz_bacres1,0.001,Strogatz,20.0,1.0,0.005754252851995303,3.311087771352935e-05
RILSROLS,strogatz_bacres1,0.01,Strogatz,0.0,1.0,0.009983758356783798,9.967046366090177e-05
RILSROLS,strogatz_bacres1,0.1,Strogatz,0.0,0.0,0.08574174074424726,0.007324754473699922
RILSROLS,strogatz_bacres2,0.0,Strogatz,70.0,1.0,1.488649074434749e-14,0.0
RILSROLS,strogatz_bacres2,0.001,Strogatz,30.0,1.0,0.004429982309732811,1.962455070169108e-05
RILSROLS,strogatz_bacres2,0.01,Strogatz,0.0,1.0,0.01125850053776246,0.0001267458017702885
RILSROLS,strogatz_bacres2,0.1,Strogatz,0.0,0.0,0.21901050616053216,0.04685076265854444
RILSROLS,strogatz_barmag1,0.0,Strogatz,50.0,1.0,8.6628086918968e-11,0.0
RILSROLS,strogatz_barmag1,0.001,Strogatz,50.0,1.0,0.0001709729678335249,2.923175525545377e-08
RILSROLS,strogatz_barmag1,0.01,Strogatz,10.0,1.0,0.001758153721016852,3.091099729349031e-06
RILSROLS,strogatz_barmag1,0.1,Strogatz,0.0,0.0,0.017449520786703,0.0003044394292993776
RILSROLS,strogatz_barmag2,0.0,Strogatz,100.0,1.0,1.3125894217816002e-15,0.0
RILSROLS,strogatz_barmag2,0.001,Strogatz,100.0,1.0,6.548370658211658e-05,4.288115853200224e-09
RILSROLS,strogatz_barmag2,0.01,Strogatz,90.0,1.0,0.0006204666397488817,3.849787769158402e-07
RILSROLS,strogatz_barmag2,0.1,Strogatz,20.0,1.0,0.006550005132344275,4.290164694489989e-05
RILSROLS,strogatz_glider1,0.0,Strogatz,90.0,1.0,1.689861850971307e-14,0.0
RILSROLS,strogatz_glider1,0.001,Strogatz,100.0,1.0,9.052137935628209e-05,8.194120015582406e-09
RILSROLS,strogatz_glider1,0.01,Strogatz,100.0,1.0,0.0007583258451122726,5.750579220250669e-07
RILSROLS,strogatz_glider1,0.1,Strogatz,20.0,1.0,0.013972653619864476,0.00019521599329872693
RILSROLS,strogatz_glider2,0.0,Strogatz,90.0,1.0,1.8711927237223248e-14,0.0
RILSROLS,strogatz_glider2,0.001,Strogatz,100.0,1.0,1.8711927237223248e-14,0.0
RILSROLS,strogatz_glider2,0.01,Strogatz,100.0,1.0,1.9341566816671122e-14,0.0
RILSROLS,strogatz_glider2,0.1,Strogatz,10.0,0.0,0.0750059448608941,0.005610125540475988
RILSROLS,strogatz_lv1,0.0,Strogatz,100.0,1.0,4.4819662403391514e-15,0.0
RILSROLS,strogatz_lv1,0.001,Strogatz,90.0,1.0,0.0006186450883025709,3.8272167194666255e-07
RILSROLS,strogatz_lv1,0.01,Strogatz,50.0,1.0,0.005747665849715161,3.303511705457199e-05
RILSROLS,strogatz_lv1,0.1,Strogatz,0.0,0.0,0.9627599324274676,0.6559159645377818
RILSROLS,strogatz_lv2,0.0,Strogatz,100.0,1.0,4.465257672454865e-15,0.0
RILSROLS,strogatz_lv2,0.001,Strogatz,100.0,1.0,0.00013516127726156344,1.8268570711406708e-08
RILSROLS,strogatz_lv2,0.01,Strogatz,40.0,1.0,0.0013561632676982276,1.8391771172952598e-06
RILSROLS,strogatz_lv2,0.1,Strogatz,0.0,0.0,0.03156521054925084,0.0009958664773488427
RILSROLS,strogatz_predprey1,0.0,Strogatz,60.0,1.0,6.088812455368081e-15,0.0
RILSROLS,strogatz_predprey1,0.001,Strogatz,50.0,1.0,0.004516314272722249,2.039688659208621e-05
RILSROLS,strogatz_predprey1,0.01,Strogatz,0.0,1.0,0.020720396445580054,0.00042924269103538753
RILSROLS,strogatz_predprey1,0.1,Strogatz,0.0,0.0,0.1686644277588565,0.02805056755460881
RILSROLS,strogatz_predprey2,0.0,Strogatz,90.0,1.0,8.15846874330545e-15,0.0
RILSROLS,strogatz_predprey2,0.001,Strogatz,90.0,1.0,0.00017389286720661095,3.023872884111381e-08
RILSROLS,strogatz_predprey2,0.01,Strogatz,60.0,1.0,0.002337042014650575,5.46175046280344e-06
RILSROLS,strogatz_predprey2,0.1,Strogatz,10.0,1.0,0.03092420270017857,0.0009558493430719044
RILSROLS,strogatz_shearflow1,0.0,Strogatz,10.0,0.0,0.09972874049263107,0.009896687513643934
RILSROLS,strogatz_shearflow1,0.001,Strogatz,10.0,0.0,0.09972727131736112,0.009896397363542553
RILSROLS,strogatz_shearflow1,0.01,Strogatz,0.0,0.0,0.13524345568419593,0.01812552793266596
RILSROLS,strogatz_shearflow1,0.1,Strogatz,0.0,0.0,0.1290898444403666,0.01652686385411198
RILSROLS,strogatz_shearflow2,0.0,Strogatz,100.0,1.0,1.1750820427019975e-15,0.0
RILSROLS,strogatz_shearflow2,0.001,Strogatz,100.0,1.0,2.858843672949201e-05,8.172986728495977e-10
RILSROLS,strogatz_shearflow2,0.01,Strogatz,80.0,1.0,0.00028243756707043317,7.977097619590916e-08
RILSROLS,strogatz_shearflow2,0.1,Strogatz,40.0,1.0,0.0028553076445273634,8.15274851107458e-06
RILSROLS,strogatz_vdp1,0.0,Strogatz,100.0,1.0,3.1322414615845722e-09,0.0
RILSROLS,strogatz_vdp1,0.001,Strogatz,50.0,1.0,0.0003510238887069015,1.2321776284002978e-07
RILSROLS,strogatz_vdp1,0.01,Strogatz,0.0,1.0,0.0034851124263677066,1.2145934862259689e-05
RILSROLS,strogatz_vdp1,0.1,Strogatz,0.0,1.0,0.04509444756979016,0.0020314444204818536
RILSROLS,strogatz_vdp2,0.0,Strogatz,100.0,1.0,1.0185493555193822e-16,0.0
RILSROLS,strogatz_vdp2,0.001,Strogatz,100.0,1.0,8.233393643309317e-06,6.778866356907993e-11
RILSROLS,strogatz_vdp2,0.01,Strogatz,100.0,1.0,7.876747990224728e-05,6.20431593064025e-09
RILSROLS,strogatz_vdp2,0.1,Strogatz,100.0,1.0,0.0007659802933189943,5.867256375912293e-07
